case编号,用户id,case标题,地域,机型,操作系统,网络环境,运营商,ROM信息,bug详情,复现步骤,截图,是否未知,优先级,审核状态,提交时间,,重复情况
0,17349358,红猩猩V1.2自由测试,广东省|惠州市|惠城区|新围路|,ZUK  ZUK Z1,Android 6.0.1,WIFI,中国电信,Z1_CN_OPEN_USER_Q4430.1_M_ZUI_,首页资讯滑动不流畅，滑动起来很生硬,"1、打开软件进入首页
2、在首页点击资讯，滑动内容，感觉滑动内容的更换特效很生硬，希望能改的流畅一点",[],未知,P0,审核不通过,2016-07-21 08:45:48,,20
0,17328549,红猩猩V1.2自由测试,辽宁省|朝阳市|朝阳县||,Xiaomi  Mi-4c,Android 5.1.1,WIFI,中国移动,LMY47V,页面显示的部分信息重叠,小米4c 手机， 如图，“暂无回复”与“制片方”，显示字重合,"[""http:\/\/bj.bcebos.com\/json-api\/v1\/crowdtest-online\/upload\/33297350_Screenshot_2016-07-19-20-37-38_com.shiheng.hongpa.png""]",未知,P0,审核不通过,2016-07-21 08:50:19,,15
0,16634886,红猩猩V1.2自由测试,河南省|洛阳市|洛龙区|隋唐园北路|,Honor  CHE-TL00H,Android 5.0.2,WIFI,中国联通,CHE-TL00HC00B260,文章回复一条后返回，不能自动更新回复数量,自荐模式【首页】-banner“记者招募”或者“好文约稿”，点右下角的回复，说过话后，返回上一级，不能自动更新回复数量。华为荣耀4x安卓5.02。如图，已经回复5条了，返回还是显示4条回复,"[""http:\/\/bj.bcebos.com\/json-api\/v1\/crowdtest-online\/upload\/33297788_webwxgetmsgimg%20%2823%29.jpg"",""http:\/\/bj.bcebos.com\/json-api\/v1\/crowdtest-online\/upload\/33297795_webwxgetmsgimg%20%2824%29.jpg""]",未知,P0,审核不通过,2016-07-21 09:02:44,,18
0,17196276,红猩猩V1.2自由测试,北京市|北京市|海淀区|西北旺东路|,Huawei  H30-T00,Android 4.2.2,WIFI,中国移动,H30-T00 V100R001CHNC00B141,"建议设置【版本更新】按钮的判断。目前有个小不足：我点10次版本更新，会显示10次提示框”当前已经是最新版本“。
这里应该加一个逻辑判断，如果刚刚点过此功能，应该不再显示提示框。","1.打开软件
2.进入【我的】tab
3.点击【设置】按钮，进入设置页面
4.点击【版本更新】按钮10次，发现此问题。
有的app是对这个进行了完美设置的。不知道建议会不会给礼券。","[""http:\/\/bj.bcebos.com\/json-api\/v1\/crowdtest-online\/upload\/33297952_3069359607355847.jpg""]",未知,P0,审核不通过,2016-07-21 09:03:36,,24
0,17222895,红猩猩V1.2自由测试,广西壮族自治区|钦州市|钦南区|蓬莱南大道|,Coolpad  Coolpad 8297-T01,Android 4.4.4,WIFI,中国联通,cm_n918st-userdebug 4.4.4 KTU8,清除缓存失败，进入应用程序查看还有缓存,"1.打开app
2.登录账号
3.点击底部菜单我的
4.点击设置
5.点击清除缓存

预期结果：缓存清除成功
实际结果：缓存清除失败","[""http:\/\/bj.bcebos.com\/json-api\/v1\/crowdtest-online\/upload\/33298158_Screenshot_2016-07-19-19-28-54.png"",""http:\/\/bj.bcebos.com\/json-api\/v1\/crowdtest-online\/upload\/33298162_Screenshot_2016-07-19-19-29-24.png""]",未知,P0,审核不通过,2016-07-21 09:19:16,,23
0,17222895,红猩猩V1.2自由测试,广西壮族自治区|钦州市|钦南区|蓬莱南大道|,Coolpad  Coolpad 8297-T01,Android 4.4.4,WIFI,中国联通,cm_n918st-userdebug 4.4.4 KTU8,点击资讯里面的点赞时跳转到登录界面,1.打开app 2.登录账号 3.点击底部菜单首页 4.点击顶部菜单资讯-----点击任意一篇咨询-----点击留言的图标 预期结果：能进行留言  。实际结果：跳转到留言界面 而且返回桌面一段时间重新点登录时一定几率使程序崩溃。  视频地址：http://pan.baidu.com/s/1kv2kvtx,"[""http:\/\/bj.bcebos.com\/json-api\/v1\/crowdtest-online\/upload\/33298370_Screenshot_2016-07-19-21-08-47.png""]",未知,P0,审核不通过,2016-07-21 09:31:09,,17
0,820942,红猩猩V1.2自由测试,浙江省|杭州市|余杭区|闲富北路|,Hisense  HS-E968,Android 4.1.2,WIFI,unknown,HS-E968 4.1.2 JZO54K eng.lewa.,自荐模式微简历社交主页可以输入中文,登录app 选择自荐模式 设置个人资料  微简历完善  社交主页可以输入中文,"[""http:\/\/bj.bcebos.com\/json-api\/v1\/crowdtest-online\/upload\/33298253_11.png""]",未知,P0,审核不通过,2016-07-21 09:31:55,,22
0,531756,红猩猩V1.2自由测试,山西省|太原市|古交市|青山路|,Coolpad  Coolpad 8675-A,Android 4.4.4,WIFI,中国移动,4.4.058.P0.150407.8675-A,注册并登录，选择招募模式，点击“我的”，点击“个人”，此界面的资料不要填写完整，例如“公司或剧组，职务都可以空着”，返回首页，点击下方“招募”，点击任意一名人员进入详情界面，点击左下方收藏按钮，却被提示“个人信息不完整，填写完整才能进行聊天”。,注册并登录，选择招募模式，点击“我的”，点击“个人”，此界面的资料不要填写完整，例如“公司或剧组，职务都可以空着”，返回首页，点击下方“招募”，点击任意一名人员进入详情界面，点击左下方收藏按钮，却被提示“个人信息不完整，填写完整才能进行聊天”。,"[""http:\/\/bj.bcebos.com\/json-api\/v1\/crowdtest-online\/upload\/33298532_Screenshot_2016-07-19-21-39-11_com.shiheng.hongpa.png"",""http:\/\/bj.bcebos.com\/json-api\/v1\/crowdtest-online\/upload\/33298536_Screenshot_2016-07-19-21-39-14_com.shiheng.hongpa.png"",""http:\/\/bj.bcebos.com\/json-api\/v1\/crowdtest-online\/upload\/33298539_Screenshot_2016-07-19-21-39-18_com.shiheng.hongpa.png"",""http:\/\/bj.bcebos.com\/json-api\/v1\/crowdtest-online\/upload\/33298541_Screenshot_2016-07-19-21-39-26_com.shiheng.hongpa.png"",""http:\/\/bj.bcebos.com\/json-api\/v1\/crowdtest-online\/upload\/33298542_Screenshot_2016-07-19-21-39-22_com.shiheng.hongpa.png""]",未知,P0,审核不通过,2016-07-21 09:41:37,,13
0,11100923,红猩猩V1.2自由测试,四川省|广安市|广安区|S304(广前公路)|,lge  LG-E985T,Android 4.2.2,WIFI,中国移动,JDQ39B,打开软件进入个人中心（我的），上方登录注册处字体颜色与背景色重合，较难以辨认,打开软件进入个人中心（我的），上方登录注册处字体颜色与背景色重合，较难以辨认,"[""http:\/\/bj.bcebos.com\/json-api\/v1\/crowdtest-online\/upload\/33299373_Screenshot_2016-07-19-22-13-54.png""]",未知,P0,审核不通过,2016-07-21 09:42:02,,22
0,11100923,红猩猩V1.2自由测试,四川省|广安市|广安区|S304(广前公路)|,lge  LG-E985T,Android 4.2.2,WIFI,中国移动,JDQ39B,打开软件进入个人中心（我的）-完善简历-社交主页等网址输入汉字也能够正常提交,打开软件进入个人中心（我的）-完善简历-社交主页等网址输入汉字也能够正常提交,"[""http:\/\/bj.bcebos.com\/json-api\/v1\/crowdtest-online\/upload\/33299529_Screenshot_2016-07-19-22-20-04.png"",""http:\/\/bj.bcebos.com\/json-api\/v1\/crowdtest-online\/upload\/33299538_Screenshot_2016-07-19-22-20-24.png"",""http:\/\/bj.bcebos.com\/json-api\/v1\/crowdtest-online\/upload\/33299540_Screenshot_2016-07-19-22-21-13.png""]",未知,P0,审核不通过,2016-07-21 09:47:54,,22
0,7287803,红猩猩V1.2自由测试,云南省|昆明市|呈贡区|联运大道|,Huawei  HUAWEI C8817E,Android 4.4.4,WIFI,中国电信,C8817EV100R001C92B241,在使用相机添加头像过程中，页面会退回至我的界面，并要求重新登录。,1.打开app并登陆。2.点击我的，选择个人头像。3.在使用相机添加头像过程中，页面会退回至我的界面，并要求重新登录。,"[""http:\/\/bj.bcebos.com\/json-api\/v1\/crowdtest-online\/upload\/33300343_3.jpeg""]",未知,P0,审核不通过,2016-07-21 09:56:39,,18
0,7287803,红猩猩V1.2自由测试,云南省|昆明市|呈贡区|联运大道|,Huawei  HUAWEI C8817E,Android 4.4.4,WIFI,中国电信,C8817EV100R001C92B241,在咨询界面，无法发送图标，提示发送0%,1.打开app并登陆。2.点击自荐，选择僵尸先生后传。3.地那几咨询，在咨询界面，无法发送图标，提示发送0%,"[""http:\/\/bj.bcebos.com\/json-api\/v1\/crowdtest-online\/upload\/33300417_5.jpeg""]",未知,P0,审核不通过,2016-07-21 09:58:03,,17
0,17338564,红猩猩V1.2自由测试,上海市|上海市|闵行区|江坤路|,Xiaomi  2014011,Android 4.2.2,WIFI,中国移动,MIUI-CMCC03,个人资料编辑功能页，进入“毕业学校”资料的编辑页面，文本输入框的上方显示的是“学校”而不是“毕业学校”,1、注册账号，登录“红猩猩v1.2自由测试”app 2、登录成功，选择“自荐”功能 3、进入app主页面，点击右下角的“我的”功能键，进入“我的”功能页 4、点击“我的”功能页中间的“个人”功能键，进入到个人资料编辑页 5、点击“毕业学校”进入“毕业院校”的文本编辑框。6、发现在文本编辑框上方有“学校”二字。7、此处应为“毕业院校”而不是“学校”,"[""http:\/\/bj.bcebos.com\/json-api\/v1\/crowdtest-online\/upload\/33299899_xuexiaobianji915309621241509552.png""]",未知,P0,审核不通过,2016-07-21 10:12:58,,3
0,17338564,红猩猩V1.2自由测试,上海市|上海市|闵行区|江坤路|,Xiaomi  2014011,Android 4.2.2,WIFI,中国移动,MIUI-CMCC03,个人资料编辑功能页，建议开发人员进行开发的时候，对个人资料编辑功能页的“毕业院校”进行编辑的时候，修改为下拉框，而不是文本编辑框。下拉框可以设置为3个，分别对应的是“省份”，“地市”，“毕业院校名称”，其中“毕业院校名称”可以根据首字母来对“毕业院校”进行筛选,个人资料编辑功能页，建议开发人员进行开发的时候，对个人资料编辑功能页的“毕业院校”进行编辑的时候，修改为下拉框，而不是文本编辑框。下拉框可以设置为3个，分别对应的是“省份”，“地市”，“毕业院校名称”，其中“毕业院校名称”可以根据首字母来对“毕业院校”进行筛选,"[""http:\/\/bj.bcebos.com\/json-api\/v1\/crowdtest-online\/upload\/33300557_xuexiaojianyi915309621241509552.png""]",未知,P0,审核不通过,2016-07-21 10:13:24,,3
0,17192118,红猩猩V1.2自由测试,海南省|海南省直辖县级行政单位|临高县|文明中路|28,Honor  Che1-CL10,Android 4.4.4,WIFI,unknown,Che1-CL10V100R001CHNC92B283,打开该app，点击我的，然后点击项目完善，再点击添加项目，然后在页面的开拍时间里点击过时的时间发现能成功添加,1.打开该app.2.点击我的，然后点击项目完善，再点击添加项目，然后在页面的开拍时间里点击过时的时间发现能成功添加,"[""http:\/\/bj.bcebos.com\/json-api\/v1\/crowdtest-online\/upload\/33300746_Screenshot_2016-07-19-23-13-27.jpeg""]",未知,P0,审核不通过,2016-07-21 10:18:25,,10
0,17192118,红猩猩V1.2自由测试,海南省|海南省直辖县级行政单位|临高县|文明中路|28,Honor  Che1-CL10,Android 4.4.4,WIFI,unknown,Che1-CL10V100R001CHNC92B283,点击我的，然后点击项目完善，再点击添加项目，添加项目后退出发现项目完善为65%，然后进入把项目删除了退出后查看仍然为65%,1.打开该app.2.点击我的，然后点击项目完善，再点击添加项目，添加项目后退出发现项目完善为65%，然后进入把项目删除了退出后查看仍然为65%,"[""http:\/\/bj.bcebos.com\/json-api\/v1\/crowdtest-online\/upload\/33300812_Screenshot_2016-07-19-23-03-34.jpeg"",""http:\/\/bj.bcebos.com\/json-api\/v1\/crowdtest-online\/upload\/33300814_Screenshot_2016-07-19-23-04-48.jpeg""]",未知,P0,审核不通过,2016-07-21 10:22:13,,5
0,17192118,红猩猩V1.2自由测试,海南省|海南省直辖县级行政单位|临高县|文明中路|28,Honor  Che1-CL10,Android 4.4.4,WIFI,unknown,Che1-CL10V100R001CHNC92B283,在首页随意点击一个人员进入页面后，然后点击立即沟通，在聊天页面点击右上角的按钮点击加入黑名单，然后到消息里查看联系人发现该联系人还在列表中。,1.打开该app。2.在首页随意点击一个人员进入页面后，然后点击立即沟通，在聊天页面点击右上角的按钮点击加入黑名单，然后到消息里查看联系人发现该联系人还在列表中。,"[""http:\/\/bj.bcebos.com\/json-api\/v1\/crowdtest-online\/upload\/33302359_Screenshot_2016-07-19-23-45-38.jpeg"",""http:\/\/bj.bcebos.com\/json-api\/v1\/crowdtest-online\/upload\/33302363_Screenshot_2016-07-19-23-43-41.jpeg""]",未知,P0,审核不通过,2016-07-21 10:31:52,,24
0,17192118,红猩猩V1.2自由测试,海南省|海南省直辖县级行政单位|临高县|文明中路|28,Honor  Che1-CL10,Android 4.4.4,WIFI,unknown,Che1-CL10V100R001CHNC92B283,打开该app点击就你如‘我的’然后点击反馈，输入反馈内容后输入没有注册过的邮箱发现能成功提交,1.打开该app.2.打开该app点击就你如‘我的’然后点击反馈，输入反馈内容后输入没有注册过的邮箱发现能成功提交,"[""http:\/\/bj.bcebos.com\/json-api\/v1\/crowdtest-online\/upload\/33302432_Screenshot_2016-07-19-23-50-10.jpeg""]",未知,P0,审核不通过,2016-07-21 10:33:09,,4
0,851370,红猩猩V1.2自由测试,四川省|南充市|南部县|晓霞路|31号,Xiaomi  Redmi Note 3,Android 5.0.2,WIFI,中国移动,LRX22G,打开app后点击下方的我的，随后点击个人，在个人信息编辑页面中姓名一栏能够输入纯数字123，也能成功保存,打开app后点击下方的我的，随后点击个人，在个人信息编辑页面中姓名一栏能够输入纯数字123，也能成功保存,"[""http:\/\/bj.bcebos.com\/json-api\/v1\/crowdtest-online\/upload\/33301608_2.jpg""]",未知,P0,审核不通过,2016-07-21 10:33:48,,12
0,851370,红猩猩V1.2自由测试,四川省|南充市|南部县|晓霞路|31号,Xiaomi  Redmi Note 3,Android 5.0.2,WIFI,中国移动,LRX22G,打开app后点击下方的我的，随后点击微简历完善，点击天机背景经验，点击代表作品，点击加号，随后页面中相关链接所提示为某一网址，但是输入数字1也能成功保存,打开app后点击下方的我的，随后点击微简历完善，点击天机背景经验，点击代表作品，点击加号，随后页面中相关链接所提示为某一网址，但是输入数字1也能成功保存,"[""http:\/\/bj.bcebos.com\/json-api\/v1\/crowdtest-online\/upload\/33302403_6.jpg""]",未知,P0,审核不通过,2016-07-21 10:38:11,,1
0,17115469,红猩猩V1.2自由测试,重庆市|重庆市|荣昌县|香国大道|,HONOR  PLK-AL10,Android 5.0.2,WIFI,unknown,PLK-AL10C00B211,点击分享 出现闪退的情况,1进入软件 找到如图所示界面  选择分享 立马闪退  ，软件客户端被关闭,"[""http:\/\/bj.bcebos.com\/json-api\/v1\/crowdtest-online\/upload\/33298365_%E5%88%86%E4%BA%AB%E9%97%AA%E9%80%80.png""]",未知,P0,审核不通过,2016-07-21 10:41:45,,19
0,17115469,红猩猩V1.2自由测试,重庆市|重庆市|荣昌县|香国大道|,HONOR  PLK-AL10,Android 5.0.2,WIFI,unknown,PLK-AL10C00B211,点击猩猩认证 立马有个 老谭 点了之后没反应 然后就闪退,"1进入软件 
2 在主页面找到猩猩认证
3 点击上面的人物   出现软件闪退","[""http:\/\/bj.bcebos.com\/json-api\/v1\/crowdtest-online\/upload\/33298369_%E9%97%AA%E9%80%80.png""]",未知,P0,审核不通过,2016-07-21 10:41:51,,19
0,17326092,红猩猩V1.2自由测试,四川省|资阳市|简阳市||,vivo  vivo Xplay5A,Android 5.1.1,WIFI,中国移动,LMY47V release-keys,注册时即使输入正确的验证码，也是短信验证失败,"1、打开软件，点击发布
2、进行注册
3、填写短信验证码时，即使是正确的，也是失败","[""http:\/\/bj.bcebos.com\/json-api\/v1\/crowdtest-online\/upload\/33300650_%E8%B6%85%E7%BA%A7%E6%88%AA%E5%B1%8F_20160719_225503.png"",""http:\/\/bj.bcebos.com\/json-api\/v1\/crowdtest-online\/upload\/33300653_%E8%B6%85%E7%BA%A7%E6%88%AA%E5%B1%8F_20160719_225940.png"",""http:\/\/bj.bcebos.com\/json-api\/v1\/crowdtest-online\/upload\/33300654_%E8%B6%85%E7%BA%A7%E6%88%AA%E5%B1%8F_20160719_230007.png"",""http:\/\/bj.bcebos.com\/json-api\/v1\/crowdtest-online\/upload\/33300659_%E8%B6%85%E7%BA%A7%E6%88%AA%E5%B1%8F_20160719_230119.png"",""http:\/\/bj.bcebos.com\/json-api\/v1\/crowdtest-online\/upload\/33300662_%E8%B6%85%E7%BA%A7%E6%88%AA%E5%B1%8F_20160719_230333.png""]",未知,P0,审核不通过,2016-07-21 10:59:03,,8
0,15412365,红猩猩V1.2自由测试,江苏省|南京市|栖霞区|鸿雁路|,HONOR  PLK-TL01H,Android 5.0.2,WIFI,中国移动,PLK-TL01HC01B211,资讯界面下，发现资讯的前5个资讯和第6至第10个资讯重复。,1.打开软件，2点击首页，3点击上方的资讯，发现资讯的前5个资讯和第6至第10个资讯重复。,"[""http:\/\/bj.bcebos.com\/json-api\/v1\/crowdtest-online\/upload\/33301162_QQ%E5%9B%BE%E7%89%8720160719232209.jpg"",""http:\/\/bj.bcebos.com\/json-api\/v1\/crowdtest-online\/upload\/33301163_QQ%E5%9B%BE%E7%89%8720160719232215.jpg""]",未知,P0,审核不通过,2016-07-21 11:06:37,,17
0,15412365,红猩猩V1.2自由测试,江苏省|南京市|栖霞区|鸿雁路|,HONOR  PLK-TL01H,Android 5.0.2,WIFI,中国移动,PLK-TL01HC01B211,自荐模式下，社交主页中输入一个回车键，点击后面的打钩按键确定，可以保存。,1.打开软件，自荐模式下；2点击我的，3点击微简历完善，4点击编辑微简历，5在社交网页中输入一个回车键后，点击后面的打钩按键确定，可以保存。,"[""http:\/\/bj.bcebos.com\/json-api\/v1\/crowdtest-online\/upload\/33301291_QQ%E5%9B%BE%E7%89%8720160719225316.jpg"",""http:\/\/bj.bcebos.com\/json-api\/v1\/crowdtest-online\/upload\/33301297_QQ%E5%9B%BE%E7%89%8720160719225320.jpg"",""http:\/\/bj.bcebos.com\/json-api\/v1\/crowdtest-online\/upload\/33301304_QQ%E5%9B%BE%E7%89%8720160719225322.jpg""]",未知,P0,审核不通过,2016-07-21 11:06:54,,22
0,14867488,红猩猩V1.2自由测试,福建省|漳州市|华安县|S208|,HONOR  PLK-TL01H,Android 5.0.2,WIFI,中国移动,PLK-TL01HC01B201,进入软件登录帐号，选择招募，点首页，点资讯，点影视众筹不是你有钱就能玩的，点评论，跳转登录界面，重新登录后还是不能评论。,进入软件登录帐号，选择招募，点首页，点资讯，点影视众筹不是你有钱就能玩的，点评论，点我来说两句，点发布，跳转登录界面，重新登录后还是不能评论。,"[""http:\/\/bj.bcebos.com\/json-api\/v1\/crowdtest-online\/upload\/33302589_Screenshot_2016-07-19-23-58-27.png"",""http:\/\/bj.bcebos.com\/json-api\/v1\/crowdtest-online\/upload\/33302597_Screenshot_2016-07-19-23-58-59.png""]",未知,P0,审核不通过,2016-07-21 11:12:09,,6
0,16730356,红猩猩V1.2自由测试,云南省|昆明市|呈贡区|联运大道|,Lenovo  Lenovo A3580,Android 5.0.2,WIFI,无SIM卡,A3580_S104_150715,在招募端的个人界面，个人的相关信息可以保存为空白,1.打开app。2.点击我的，选择注册登录。3.完成注册后，在个人信息完善页面，个人的相关信息可以保存为空白,"[""http:\/\/bj.bcebos.com\/json-api\/v1\/crowdtest-online\/upload\/33304148_4.png""]",未知,P0,审核不通过,2016-07-21 11:15:07,,12
0,17338564,红猩猩V1.2自由测试,上海市|上海市|闵行区|江坤路|,Xiaomi  2014011,Android 4.2.2,WIFI,中国移动,MIUI-CMCC03,个人资料编辑功能页，姓名可以设置为符号型字符“，”，点击“完成”功能键，没有报错。,"1、注册账号，登录“红猩猩v1.2自由测试”app 
2、登录成功，选择“自荐”功能 
3、进入app主页面，点击右下角的“我的”功能键，进入“我的”功能页 
4、点击“我的”功能页中间的“个人”功能键，进入到个人资料编辑页 
5、点击“姓名”在姓名文本编辑框输入符号“，”，点击右上角的“√”功能键    
     返回上一层个人信息编辑功能页
6、点击“完成”功能键
7、预期结果：弹出错误提示“姓名不可为特殊符号”或者“姓名不可以为符号字
                    符”
8、实际结果：点击“完成”功能键后，提交成功，并返回上一级功能页","[""http:\/\/bj.bcebos.com\/json-api\/v1\/crowdtest-online\/upload\/33299241_xingming132515785060511393.jpg"",""http:\/\/bj.bcebos.com\/json-api\/v1\/crowdtest-online\/upload\/33299244_xingming48039787310668654.jpg"",""http:\/\/bj.bcebos.com\/json-api\/v1\/crowdtest-online\/upload\/33299245_xingming262439125379434465.png"",""http:\/\/bj.bcebos.com\/json-api\/v1\/crowdtest-online\/upload\/33299246_904134737021783188..png"",""http:\/\/bj.bcebos.com\/json-api\/v1\/crowdtest-online\/upload\/33299254_xingming362439125379434465.png"",""http:\/\/bj.bcebos.com\/json-api\/v1\/crowdtest-online\/upload\/33299260_522654762242552381.jpg""]",未知,P0,审核不通过,2016-07-21 11:29:25,,3
0,17338564,红猩猩V1.2自由测试,上海市|上海市|闵行区|江坤路|,Xiaomi  2014011,Android 4.2.2,WIFI,中国移动,MIUI-CMCC03,个人资料编辑功能页，毕业学校可以设置为符号型字符“。”,"1、注册账号，登录“红猩猩v1.2自由测试”app 
2、登录成功，选择“自荐”功能 
3、进入app主页面，点击右下角的“我的”功能键，进入“我的”功能页 
4、点击“我的”功能页中间的“个人”功能键，进入到个人资料编辑页 
5、点击“毕业学校”在“毕业学校”文本编辑框输入符号“。”，点击右上角
     的“√”功能键 
6、预期结果：弹出错误提示信息，内容为“‘毕业院校’不得为特殊符号” 
7、实际结果：保存成功，并返回个人信息编辑功能页","[""http:\/\/bj.bcebos.com\/json-api\/v1\/crowdtest-online\/upload\/33299602_xuexiao915309621241509552.png"",""http:\/\/bj.bcebos.com\/json-api\/v1\/crowdtest-online\/upload\/33299644_%E5%AD%A6%E6%A0%A1269079952286137842.png""]",未知,P0,审核不通过,2016-07-21 11:29:33,,3
0,851370,红猩猩V1.2自由测试,四川省|南充市|南部县|晓霞路|31号,Xiaomi  Redmi Note 3,Android 5.0.2,WIFI,中国移动,LRX22G,打开app后点击下方的我的，随后点击个人，在个人信息编辑页面中年龄一栏能够输入数字999，999岁也能成功保存,打开app后点击下方的我的，随后点击个人，在个人信息编辑页面中年龄一栏能够输入数字999，999岁也能成功保存,"[""http:\/\/bj.bcebos.com\/json-api\/v1\/crowdtest-online\/upload\/33301718_3.jpg""]",未知,P0,审核不通过,2016-07-21 11:30:42,,12
0,851370,红猩猩V1.2自由测试,四川省|南充市|南部县|晓霞路|31号,Xiaomi  Redmi Note 3,Android 5.0.2,WIFI,中国移动,LRX22G,打开app后点击下方的我的，随后点击个人，在个人信息编辑页面中身高一栏能够输入数字999，999厘米也能成功保存,打开app后点击下方的我的，随后点击个人，在个人信息编辑页面中身高一栏能够输入数字999，999厘米也能成功保存,"[""http:\/\/bj.bcebos.com\/json-api\/v1\/crowdtest-online\/upload\/33301772_4.jpg""]",未知,P0,审核不通过,2016-07-21 11:30:47,,12
0,15412365,红猩猩V1.2自由测试,江苏省|南京市|栖霞区|鸿雁路|,HONOR  PLK-TL01H,Android 5.0.2,WIFI,中国移动,PLK-TL01HC01B211,自荐模式下，个人界面中的，年龄处填写“020”点击完成，可以保存成功。,打开软件，自荐模式下，点击我的，点击个人，点击年龄，填写“020”点击完成，可以保存成功。,"[""http:\/\/bj.bcebos.com\/json-api\/v1\/crowdtest-online\/upload\/33301594_1.jpg"",""http:\/\/bj.bcebos.com\/json-api\/v1\/crowdtest-online\/upload\/33301600_11.jpg""]",未知,P0,审核不通过,2016-07-21 11:34:11,,12
0,15412365,红猩猩V1.2自由测试,江苏省|南京市|栖霞区|鸿雁路|,HONOR  PLK-TL01H,Android 5.0.2,WIFI,中国移动,PLK-TL01HC01B211,自荐模式下，代表作品界面中，点击右下角图标进入，点击时间，时间可以填写未来时间，可以提交成功。,打开软件，自荐模式下，点击微简历完善，点击编辑微简历，点击代表作品，点击右下角图标进入，点击时间，时间可以填写未来时间，可以提交成功。,"[""http:\/\/bj.bcebos.com\/json-api\/v1\/crowdtest-online\/upload\/33301710_2.png""]",未知,P0,审核不通过,2016-07-21 11:35:04,,10
0,14867488,红猩猩V1.2自由测试,福建省|漳州市|华安县|S208|,HONOR  PLK-TL01H,Android 5.0.2,WIFI,中国移动,PLK-TL01HC01B201,进入软件登录帐号，选择招募，点发布，点左下角+号，填写相关信息，点项目介绍，制片方和主创没有限制可以输入任意字符。,进入软件登录帐号，选择招募，点发布，点左下角+号，填写相关信息，点项目介绍，制片方和主创没有限制可以输入任意字符。,"[""http:\/\/bj.bcebos.com\/json-api\/v1\/crowdtest-online\/upload\/33302439_Screenshot_2016-07-19-23-49-39.png""]",未知,P0,审核不通过,2016-07-21 11:37:09,,24
0,16730356,红猩猩V1.2自由测试,云南省|昆明市|呈贡区|联运大道|,Lenovo  Lenovo A3580,Android 5.0.2,WIFI,无SIM卡,A3580_S104_150715,新增项目中的部分字段可以设置为空白,1.打开app，注册并登陆。2.点击新增项目，新增项目中的部分字段可以设置为空白,"[""http:\/\/bj.bcebos.com\/json-api\/v1\/crowdtest-online\/upload\/33304365_Screenshot_2016-07-20-00-08-41.png""]",未知,P0,审核不通过,2016-07-21 11:39:21,,5
0,14452258,红猩猩V1.2自由测试,山西省|太原市|迎泽区|新泽巷|3号,Xiaomi  HM NOTE 1W,Android 4.2.2,WIFI,中国联通,JH3CN0.0-e8c490ca606638294c0cd,"1首页点击我的
2点击个人，可以将年龄设置为0岁，将身高设置为0cm","1首页点击我的
2点击个人，可以将年龄设置为0岁，将身高设置为0cm","[""http:\/\/bj.bcebos.com\/json-api\/v1\/crowdtest-online\/upload\/33307881_Screenshot_2016-07-20-01-03-35.png""]",未知,P0,审核不通过,2016-07-21 11:42:12,,21
0,17267337,红猩猩V1.2自由测试,山东省|聊城市|东阿县|S329(北环路)|,Xiaomi  Mi-4c,Android 5.1.1,WIFI,中国移动,LMY47V,退出后再进入app不能自动登陆,"1.打开软件--登陆软件
2.退出软件--重新打开软件--需要再次登陆","[""http:\/\/bj.bcebos.com\/json-api\/v1\/crowdtest-online\/upload\/33312726_022.png""]",未知,P0,审核不通过,2016-07-21 11:46:05,,20
0,9742256,红猩猩V1.2自由测试,湖南省|长沙市|芙蓉区|五一大道|128,Xiaomi  Redmi Note 3,Android 5.1.1,WIFI,中国联通,LMY47V,填写个人资料时， 数字输入部分都未做有效性验证,"1、注册 - 引导进入填写个人资料页
2、填写 年龄、身高等信息如图所示，可以成功保存信息，并直接以原样展示出来","[""http:\/\/bj.bcebos.com\/json-api\/v1\/crowdtest-online\/upload\/33317761_QQ%E6%88%AA%E5%9B%BE20160720083233.png""]",未知,P0,审核不通过,2016-07-21 11:46:54,,13
0,9742256,红猩猩V1.2自由测试,湖南省|长沙市|芙蓉区|五一大道|128,Xiaomi  Redmi Note 3,Android 5.1.1,WIFI,中国联通,LMY47V,消息页，当对方的项目名称较长时，会和时间重叠在一起,"1、首页 选择红框内所示这条信息
2、点击沟通信息，发送几条信息给对方，返回
3、选择消息页，消息列表中展示了刚才联系的人，对方的项目名称较长，和时间重叠在一起了","[""http:\/\/bj.bcebos.com\/json-api\/v1\/crowdtest-online\/upload\/33317959_QQ%E6%88%AA%E5%9B%BE20160720084111.png""]",未知,P0,审核不通过,2016-07-21 11:48:34,,10
0,9742256,红猩猩V1.2自由测试,湖南省|长沙市|芙蓉区|五一大道|128,Xiaomi  Redmi Note 3,Android 5.1.1,WIFI,中国联通,LMY47V,通过我的 - 简历信息页发布自荐，按钮是“保存并查看”，但实际保存后，并未跳转到自荐列表,"1、我的 - 简历信息页发布自荐，按钮是“保存并查看”，但实际保存后，并未跳转到自荐列表。而是返回到了我的页
2、同样的功能，在首页的发布页中发布自荐，“保存并查看”后，正确返回到了自荐列表","[""http:\/\/bj.bcebos.com\/json-api\/v1\/crowdtest-online\/upload\/33318605_QQ%E6%88%AA%E5%9B%BE20160720085543.png"",""http:\/\/bj.bcebos.com\/json-api\/v1\/crowdtest-online\/upload\/33318609_QQ%E6%88%AA%E5%9B%BE20160720085157.png""]",未知,P0,审核不通过,2016-07-21 12:20:56,,12
0,212956,红猩猩V1.2自由测试,广东|深圳,samsung  GT-I9500,Android 4.3,WIFI,中国联通,JSS15J.I9500ZSUCMK3,会员信息（年龄、身高）显示不合常识,"打开app，查看会员资料
显示的年龄、身高不符合常识",[],未知,P0,审核不通过,2016-07-21 12:31:40,,21
0,14301156,红猩猩V1.2自由测试,浙江|温州,Letv  Letv X500,Android 5.0.2,WIFI,中国移动,DBXCNOP5501304131S release-key,资讯页面的评论在点击发布后跳转到登录页面,1登录至首页 2点击资讯 3点击任意一个资讯 4点击评论按钮 5输入内容点击发布 6跳转到登录页面,"[""http:\/\/bj.bcebos.com\/json-api\/v1\/crowdtest-online\/upload\/33320044_Screenshot_2016-07-20-09-30-40.jpg"",""http:\/\/bj.bcebos.com\/json-api\/v1\/crowdtest-online\/upload\/33320051_Screenshot_2016-07-20-09-30-49.jpg""]",未知,P0,审核不通过,2016-07-21 12:35:28,,6
0,14940938,红猩猩V1.2自由测试,河北省|石家庄市|长安区|和平东路|522号,samsung  GT-I9152,Android 4.2.2,WIFI,中国联通,JDQ39.I9152ZCUANB1,2 我的→个人→年龄，任意3位数可以成功保存，如680岁。,2 我的→个人→年龄，任意3位数可以成功保存，如680岁。,"[""http:\/\/bj.bcebos.com\/json-api\/v1\/crowdtest-online\/upload\/33329203_7FA3360806D6E758A265F7D9DA0FD27A.JPG""]",未知,P0,审核不通过,2016-07-21 12:37:18,,12
0,14940938,红猩猩V1.2自由测试,河北省|石家庄市|长安区|和平东路|522号,samsung  GT-I9152,Android 4.2.2,WIFI,中国联通,JDQ39.I9152ZCUANB1,8 左上角切换图标→招募→发布→新增项目→开拍时间，选择过去时，可以成功保存。如：2016.01.01,8 左上角切换图标→招募→发布→新增项目→开拍时间，选择过去时，可以成功保存。如：2016.01.01,"[""http:\/\/bj.bcebos.com\/json-api\/v1\/crowdtest-online\/upload\/33329316_5C46CB38E848A583053EA8E934E4542D.JPG""]",未知,P0,审核不通过,2016-07-21 12:41:02,,10
0,17310970,红猩猩V1.2自由测试,湖南省|长沙市|雨花区|木莲东路|,samsung  SM-N9008V,Android 5.0,MOBILE LTE,中国移动,LRX21V.N9008VZMUDPA2,注册成功后，卡死无响应。,"1.打开软件，进入我的菜单
2.点击登录/注册，点击注册，输入注册信息，点击注册，显示登录成功即会出现黑屏或卡死。
3.需要等待五六分钟恢复。",[],未知,P0,审核不通过,2016-07-21 12:43:51,,11
0,17310970,红猩猩V1.2自由测试,湖南省|长沙市|雨花区|木莲东路|,samsung  SM-N9008V,Android 5.0,MOBILE LTE,中国移动,LRX21V.N9008VZMUDPA2,首次发布项目不成功，界面变成透明无法操作。,"首次发布
1.开打软件，点击发布；
2.完善资料，点击保存并查看
3.即会界面透明，无法操作。",[],未知,P0,审核不通过,2016-07-21 12:44:16,,24
0,17310970,红猩猩V1.2自由测试,湖南省|长沙市|雨花区|木莲东路|,samsung  SM-N9008V,Android 5.0,MOBILE LTE,中国移动,LRX21V.N9008VZMUDPA2,发布项目时，开拍时间项建议预设当前日期以后的时间，而排除选择过去日期的可能。,首次发布 1.开打软件，点击发布； 2.开拍时间，程序里存在当时日期以前的时间，不合理。,[],未知,P0,审核不通过,2016-07-21 12:44:53,,10
0,2590458,红猩猩V1.2自由测试,广东省|广州市|越秀区|解放南路|73号,Honor  Che2-UL00,Android 4.4.2,WIFI,中国联通,Che2-UL00 V100R001CHNC00B384,分享职位至短信，只要调出短信模块，不管是否发送都视为分享成功。,打开软件并登录至自荐模式－首页－进入一个通告详情－右上角分享至短信。2s后提示分享成功，实际未发送。华为4x，安卓4.4.2，wifi网络。,"[""http:\/\/bj.bcebos.com\/json-api\/v1\/crowdtest-online\/upload\/33331261_3.jpg""]",未知,P0,审核不通过,2016-07-21 12:46:45,,19
0,2590458,红猩猩V1.2自由测试,广东省|广州市|越秀区|解放南路|73号,Honor  Che2-UL00,Android 4.4.2,WIFI,中国联通,Che2-UL00 V100R001CHNC00B384,通告的标题过长时，与他对话后，在“消息”标签中，通告标题与对话时间重叠。,打开软件并登录至自荐模式－首页－通告－选一个名字比较长的（测试时选“black yak登录服画报拍择摄”）－立即沟通－随便发送点消息－切换至“消息”标签。通告标题与对话时间重叠。华为4x，安卓4.4.2，wifi网络。,"[""http:\/\/bj.bcebos.com\/json-api\/v1\/crowdtest-online\/upload\/33331759_6.jpg""]",未知,P0,审核不通过,2016-07-21 12:50:23,,10
0,14109244,红猩猩V1.2自由测试,湖北省|武汉市|江汉区|北湖正街|2号,Coolpad  Coolpad 8675-A,Android 4.4.4,WIFI,unknown,4.4.077.P0.160225.8675-A,搜索页通过推荐匹配的搜索，不会被记录在搜索记录里,"1打开软件，点击招募，左上角搜索
2 搜索栏输入”丽“，点击荐匹配的搜索”刘丽娜“
3搜索记录里面并未记录刘丽娜的搜索","[""http:\/\/bj.bcebos.com\/json-api\/v1\/crowdtest-online\/upload\/33334402_Screenshot_2016-07-20-13-11-43.png"",""http:\/\/bj.bcebos.com\/json-api\/v1\/crowdtest-online\/upload\/33334403_Screenshot_2016-07-20-13-12-04.png"",""http:\/\/bj.bcebos.com\/json-api\/v1\/crowdtest-online\/upload\/33334435_Screenshot_2016-07-20-13-14-57.png"",""http:\/\/bj.bcebos.com\/json-api\/v1\/crowdtest-online\/upload\/33334436_Screenshot_2016-07-20-13-15-07.png"",""http:\/\/bj.bcebos.com\/json-api\/v1\/crowdtest-online\/upload\/33334437_Screenshot_2016-07-20-13-15-20.png""]",未知,P0,审核不通过,2016-07-21 12:52:34,,0
0,17248361,红猩猩V1.2自由测试,江西|南昌,Xiaomi  MI 1S,Android 4.1.2,WIFI,无SIM卡,JZO54K,手机注册页面密码处的描述信息不全,"1点我的
2点登陆/注册
3点注册
4查看密码处的描述信息","[""http:\/\/bj.bcebos.com\/json-api\/v1\/crowdtest-online\/upload\/33349853_%E6%8F%8F%E8%BF%B0%E4%B8%8D%E5%85%A8.png""]",未知,P0,审核不通过,2016-07-21 12:53:48,,15
0,17312244,红猩猩V1.2自由测试,湖南省|长沙市|开福区|戥子桥巷|68号,Xiaomi  MI 3C,Android 4.4.4,WIFI,中国联通,KTU84P,登录/注册字体颜色和背景颜色太接近,"1、自荐端，未登录
2、进入“我的”查看，上面显示的“登录/注册”按钮颜色与背景色太接近，不易看出来","[""http:\/\/bj.bcebos.com\/json-api\/v1\/crowdtest-online\/upload\/33350956_1.png""]",未知,P0,审核不通过,2016-07-21 12:54:05,,22
0,17312244,红猩猩V1.2自由测试,湖南省|长沙市|开福区|戥子桥巷|68号,Xiaomi  MI 3C,Android 4.4.4,WIFI,中国联通,KTU84P,通告中的名称显示不全，需手动刷新,"1、自荐端，打开首页，通告，查看列表
2、名称显示不全，如“肋骨世界”显示成“肋骨世...”，手动刷新后显示正常","[""http:\/\/bj.bcebos.com\/json-api\/v1\/crowdtest-online\/upload\/33351453_5_1.jpg"",""http:\/\/bj.bcebos.com\/json-api\/v1\/crowdtest-online\/upload\/33351461_5_2.png""]",未知,P0,审核不通过,2016-07-21 12:54:39,,23
0,17312244,红猩猩V1.2自由测试,湖南省|长沙市|开福区|戥子桥巷|68号,Xiaomi  MI 3C,Android 4.4.4,WIFI,中国联通,KTU84P,注册&登录时，输入法上面显示多余的“反馈”字样,"设备：小米3  4.4.4
1、自荐端，打开注册或登录界面，点击输入框，弹出输入法
2、输入法上方会出现多语的“反馈”字样","[""http:\/\/bj.bcebos.com\/json-api\/v1\/crowdtest-online\/upload\/33351631_7_1.png"",""http:\/\/bj.bcebos.com\/json-api\/v1\/crowdtest-online\/upload\/33351633_7_2.png""]",未知,P0,审核不通过,2016-07-21 12:56:14,,16
0,17312244,红猩猩V1.2自由测试,湖南省|长沙市|开福区|戥子桥巷|68号,Xiaomi  MI 3C,Android 4.4.4,WIFI,中国联通,KTU84P,我的收藏中取消收藏后，界面未刷新,"设备：小米3   4.4.4
1、自荐端，登录成功，进入首页收藏2个招聘
2、进入“我的”，我的收藏中查看显示2个正常；点击其中任意一个，取消收藏
3、返回到“我的收藏”
结果：界面未刷新，仍然显示2个收藏；需要退出我的收藏再进入才刷新","[""http:\/\/bj.bcebos.com\/json-api\/v1\/crowdtest-online\/upload\/33352571_10_1.png"",""http:\/\/bj.bcebos.com\/json-api\/v1\/crowdtest-online\/upload\/33352583_10_2.png"",""http:\/\/bj.bcebos.com\/json-api\/v1\/crowdtest-online\/upload\/33352600_10_3.png""]",未知,P0,审核不通过,2016-07-21 12:57:23,,9
0,16730356,红猩猩V1.2自由测试,云南省|昆明市|呈贡区|联运大道|,Lenovo  Lenovo A3580,Android 5.0.2,WIFI,无SIM卡,A3580_S104_150715,在非登录情况下，点击收藏，app概率性崩溃,1.打开app。2.点击首页，选择“田建新”，进入其中的页面。3.点击收藏，app崩溃。,"[""http:\/\/bj.bcebos.com\/json-api\/v1\/crowdtest-online\/upload\/33303788_1.png""]",未知,P0,审核不通过,2016-07-21 12:58:38,,9
0,14452258,红猩猩V1.2自由测试,山西省|太原市|迎泽区|新泽巷|3号,Xiaomi  HM NOTE 1W,Android 4.2.2,WIFI,中国联通,JH3CN0.0-e8c490ca606638294c0cd,"1首页点击我的
2点击反馈，输入几个汉字，然后一直输入空格，文字会慢慢移出屏幕","1首页点击我的
2点击反馈，输入几个汉字，然后一直输入空格，文字会慢慢移出屏幕","[""http:\/\/bj.bcebos.com\/json-api\/v1\/crowdtest-online\/upload\/33307916_Screenshot_2016-07-20-01-05-00.png""]",未知,P0,审核不通过,2016-07-21 13:05:43,,16
0,17115469,红猩猩V1.2自由测试,重庆市|重庆市|荣昌县|香国大道|,HONOR  PLK-AL10,Android 5.0.2,WIFI,unknown,PLK-AL10C00B211,注册的时候填写姓名 性别 职业等基本信息的时候无法保存,"1，进入软件 开始注册
2，填写好姓名 性别 职业等图片所示资料 之后无法保存","[""http:\/\/bj.bcebos.com\/json-api\/v1\/crowdtest-online\/upload\/33298385_%E6%97%A0%E6%B3%95%E4%BF%9D%E5%AD%98.png""]",未知,P0,审核不通过,2016-07-21 13:51:38,,13
0,17338564,红猩猩V1.2自由测试,上海市|上海市|闵行区|江坤路|,Xiaomi  2014011,Android 4.2.2,WIFI,中国移动,MIUI-CMCC03,个人资料编辑功能页，建议开发人员进行开发的时候，对“姓名”，“毕业院校”，“从业经验”，“年龄”，“身高”在进行编辑的时候对字符类型及字符数量进行限制，并在输入错误的字符类型时给予相对应的错误提示。具体请参看bug重现步骤和bug截图,"1、注册账号，登录“红猩猩v1.2自由测试”app 
2、登录成功，选择“自荐”功能 
3、进入app主页面，点击右下角的“我的”功能键，进入“我的”功能页 
4、点击“我的”功能页中间的“个人”功能键，进入到个人资料编辑页
5、在姓名栏输入字符“，”，并提交
6、在毕业院校栏输入字符“。”，并提交
7、在从业经验栏输入“99”（以年为单位，正常人不可能工作99年），并提交
8、在年龄栏输入“999”（以年为单位，正常人不可能活999年），并提交
9、在射高栏输入“999”（以厘米为单位，正常人不可能有999cm这么高），并
     提交
10、预期结果：以上操作步骤，在提交的时候都应弹出相对应的错误提示信息
11、实际结果：以上操作步骤，在提交的时候都没有弹出相对应的错误提示信息","[""http:\/\/bj.bcebos.com\/json-api\/v1\/crowdtest-online\/upload\/33300395_jianyi307086142983779181.png""]",未知,P0,审核不通过,2016-07-21 13:58:53,,3
0,14452258,红猩猩V1.2自由测试,山西省|太原市|迎泽区|新泽巷|3号,Xiaomi  HM NOTE 1W,Android 4.2.2,WIFI,中国联通,JH3CN0.0-e8c490ca606638294c0cd,"1将模式设置为招募
2点击首页下方发布
3可以将开拍时间设置到去年一月，拍摄周期设置为半个月，说明拍摄时间已经结束，依然可以发布成功","1将模式设置为招募
2点击首页下方发布
3可以将开拍时间设置到去年一月，拍摄周期设置为半个月，说明拍摄时间已经结束，依然可以发布成功","[""http:\/\/bj.bcebos.com\/json-api\/v1\/crowdtest-online\/upload\/33310990_Screenshot_2016-07-20-01-57-44.png""]",未知,P0,审核不通过,2016-07-21 14:05:39,,10
0,2590458,红猩猩V1.2自由测试,广东省|广州市|越秀区|解放南路|73号,Honor  Che2-UL00,Android 4.4.2,WIFI,中国联通,Che2-UL00 V100R001CHNC00B384,分享职位至微信（版本6.3.18）提示不支持。,打开软件并登录至自荐模式－首页－进入一个通告详情－右上角分享至微信。提示不支持。华为4x，安卓4.4.2，wifi网络。微信（版本6.3.18）,"[""http:\/\/bj.bcebos.com\/json-api\/v1\/crowdtest-online\/upload\/33331181_2.jpg""]",未知,P0,审核通过,2016-07-22 10:00:10,,19
0,2590458,红猩猩V1.2自由测试,广东省|广州市|越秀区|解放南路|73号,Honor  Che2-UL00,Android 4.4.2,WIFI,中国联通,Che2-UL00 V100R001CHNC00B384,点忘记密码后，点反返回，停留在登录页1秒后，黑屏约4秒，跳转至首页。,点忘记密码后，点反返回，停留在登录页1秒后，黑屏约4秒，跳转至首页。华为4x，安卓4.4.2，wifi网络,"[""http:\/\/bj.bcebos.com\/json-api\/v1\/crowdtest-online\/upload\/33331076_1-1.jpg"",""http:\/\/bj.bcebos.com\/json-api\/v1\/crowdtest-online\/upload\/33331077_1-2.jpg"",""http:\/\/bj.bcebos.com\/json-api\/v1\/crowdtest-online\/upload\/33331078_1-3.jpg""]",未知,P0,审核通过,2016-07-22 10:00:10,,11
0,2464995,红猩猩V1.2自由测试,江苏省|徐州市|新沂市|珠江路|,HUAWEI  HUAWEI NXT-TL00,Android 6.0,WIFI,中国移动,NXT-TL00C01B352SP01,留言板界面，不显示头像,"1、打开主界面，
2、点击 记者招募的广告
3、进入记者招募页面，点击右下角留言板
4、进入留言板，无头像显示","[""http:\/\/bj.bcebos.com\/json-api\/v1\/crowdtest-online\/upload\/33323125_Screenshot_2016-07-20-09-51-11.png"",""http:\/\/bj.bcebos.com\/json-api\/v1\/crowdtest-online\/upload\/33323134_%5D%29FDAXXN3AZ2XQ%28%5B%5DJQQXB6.png"",""http:\/\/bj.bcebos.com\/json-api\/v1\/crowdtest-online\/upload\/33323144_Screenshot_2016-07-20-09-50-35.png""]",未知,P0,审核通过,2016-07-22 10:00:10,,18
0,2224714,红猩猩V1.2自由测试,江苏省|南京市|雨花台区|紫荆花路|,Xiaomi  HM 1S,Android 4.4.4,WIFI,中国联通,KTU84P,一直停留在开始界面，app无响应！！！！！！！！！！,打开app，一直停留在开始界面，app无响应！！！！！！！！！！,"[""http:\/\/bj.bcebos.com\/json-api\/v1\/crowdtest-online\/upload\/33297585_Screenshot_2016-07-19-20-52-11_com.shiheng.hongpa.png"",""http:\/\/bj.bcebos.com\/json-api\/v1\/crowdtest-online\/upload\/33297586_Screenshot_2016-07-19-20-52-47_com.shiheng.hongpa.png""]",未知,P0,审核通过,2016-07-22 10:00:10,,9
0,1165965,红猩猩V1.2自由测试,甘肃|白银,SAGA  A906,Android 5.1,WIFI,无SIM卡,SAGA_A906_V04_20151127-173807,注册时手机号识别错误，错误的手机号也能发送验证码,1.打开软件2.我的3.登录4.注册5.输入号码6.获取验证吗,"[""http:\/\/bj.bcebos.com\/json-api\/v1\/crowdtest-online\/upload\/33289095_QQ%E6%88%AA%E5%9B%BE20160719175753.jpg""]",未知,P0,审核通过,2016-07-22 10:00:10,,8
0,851370,红猩猩V1.2自由测试,四川省|南充市|南部县|晓霞路|31号,Xiaomi  Redmi Note 3,Android 5.0.2,WIFI,中国移动,LRX22G,打开app后点击下方的我的，随后点击微简历完善，点击天机背景经验，点击代表作品，点击加号，随后页面中输入相关信息后点击右上方保存，但是返回后发现并未添加作品成功，查看并无显示,打开app后点击下方的我的，随后点击微简历完善，点击天机背景经验，点击代表作品，点击加号，随后页面中输入相关信息后点击右上方保存，但是返回后发现并未添加作品成功，查看并无显示,"[""http:\/\/bj.bcebos.com\/json-api\/v1\/crowdtest-online\/upload\/33302419_7.jpg""]",未知,P0,审核通过,2016-07-22 10:00:10,,1
0,851370,红猩猩V1.2自由测试,四川省|南充市|南部县|晓霞路|31号,Xiaomi  Redmi Note 3,Android 5.0.2,WIFI,中国移动,LRX22G,打开app后点击下方的我的，随后点击微简历完善，点击天机背景经验，点击代表作品，点击加号，随后页面所提示作品花千古为错别字，应为花千骨,打开app后点击下方的我的，随后点击微简历完善，点击天机背景经验，点击代表作品，点击加号，随后页面所提示作品花千古为错别字，应为花千骨,"[""http:\/\/bj.bcebos.com\/json-api\/v1\/crowdtest-online\/upload\/33302323_5.jpg""]",未知,P0,审核通过,2016-07-22 10:00:10,,1
0,851370,红猩猩V1.2自由测试,四川省|南充市|南部县|晓霞路|31号,Xiaomi  Redmi Note 3,Android 5.0.2,WIFI,中国移动,LRX22G,打开app后点击下方的我的，随后点击注册登录，在注册界面中手机号码一栏输入“11111111111”这一明显错误的号码，也能成功点击下方的获取验证码而app不报错,打开app后点击下方的我的，随后点击注册登录，在注册界面中手机号码一栏输入“11111111111”这一明显错误的号码，也能成功点击下方的获取验证码而app不报错,"[""http:\/\/bj.bcebos.com\/json-api\/v1\/crowdtest-online\/upload\/33301323_1.jpg""]",未知,P0,审核通过,2016-07-22 10:00:10,,8
0,820942,红猩猩V1.2自由测试,浙江省|杭州市|余杭区|闲富北路|,Hisense  HS-E968,Android 4.1.2,WIFI,unknown,HS-E968 4.1.2 JZO54K eng.lewa.,招募模式 招募职位里进组时间设置出错,打开app 进去招募模式 添加项目 设置开拍时间为2016-1-1 保存 添加改项目的岗位 设置进组时间为2016-1-2或者2016-1-31等 提示进组时间要大于开拍时间,"[""http:\/\/bj.bcebos.com\/json-api\/v1\/crowdtest-online\/upload\/33298358_22.png""]",未知,P0,审核通过,2016-07-22 10:00:10,,10
0,768348,红猩猩V1.2自由测试,重庆市|重庆市|北碚区|碚金路|,Meizu  M040,Android 5.0.1,WIFI,中国移动,Flyme OS 4.5.7.1A,评论时用户头像无法显示并且写完评论后点击发布，就跳转登录界面,"打开并登录app,点击首页，点击资讯，点击右下方的评论按钮，填写评论，点击右上角的发布，页面跳转登录界面，输入密码登录成功，再次点击发布，又跳转到登录界面","[""http:\/\/bj.bcebos.com\/json-api\/v1\/crowdtest-online\/upload\/33318180_S60720-084246.jpg"",""http:\/\/bj.bcebos.com\/json-api\/v1\/crowdtest-online\/upload\/33318185_S60720-084228.jpg"",""http:\/\/bj.bcebos.com\/json-api\/v1\/crowdtest-online\/upload\/33318191_S60720-084218.jpg""]",未知,P0,审核通过,2016-07-22 10:00:10,,6
0,760595,红猩猩V1.2自由测试,河北省|邯郸市|邯山区|五仓路|,Xiaomi  HM NOTE 1LTETD,Android 4.4.2,WIFI,无SIM卡,JH3CN0.0-41952c44d36acc0d837d5,由注册页面返回时出现10秒左右的黑屏,"由首页右下角我的进入,然后进入注册页面,再点击左上角的返回图标,就会出现10秒左右的黑屏",[],未知,P0,审核通过,2016-07-22 10:00:10,,11
0,531756,红猩猩V1.2自由测试,山西省|太原市|古交市|青山路|,Coolpad  Coolpad 8675-A,Android 4.4.4,WIFI,中国移动,4.4.058.P0.150407.8675-A,注册并登录，选择招募模式，点击首页上方banner第三幅（或者第二幅，第四幅都行）《约稿》，在详情页面可以点击评论标志进入发表评论界面，发表评论，无法显示用户头像。,注册并登录，选择招募模式，点击首页上方banner第三幅（或者第二幅，第四幅都行）《约稿》，在详情页面可以点击评论标志进入发表评论界面，发表评论，无法显示用户头像。,"[""http:\/\/bj.bcebos.com\/json-api\/v1\/crowdtest-online\/upload\/33298772_Screenshot_2016-07-19-21-53-54_com.shiheng.hongpa.png"",""http:\/\/bj.bcebos.com\/json-api\/v1\/crowdtest-online\/upload\/33298790_Screenshot_2016-07-19-21-53-58_com.shiheng.hongpa.png"",""http:\/\/bj.bcebos.com\/json-api\/v1\/crowdtest-online\/upload\/33298791_Screenshot_2016-07-19-21-54-01_com.shiheng.hongpa.png""]",未知,P0,审核通过,2016-07-22 10:00:10,,2
0,531756,红猩猩V1.2自由测试,山西省|太原市|古交市|青山路|,Coolpad  Coolpad 8675-A,Android 4.4.4,WIFI,中国移动,4.4.058.P0.150407.8675-A,注册并登录，选择招募模式，点击首页上方banner第三幅（或者第二幅，第四幅都行）《约稿》，在详情页面可以看到点赞数为x，点赞，可以看到点赞数变为x＋1，此时点击评论标志进入发表评论界面，点击返回，发现点赞数变为了x，此时再次点赞，返回首页再次进入此详情页，发现点赞数变为了x＋2。【也就是说可以点赞两次】,注册并登录，选择招募模式，点击首页上方banner第三幅（或者第二幅，第四幅都行）《约稿》，在详情页面可以看到点赞数为x，点赞，可以看到点赞数变为x＋1，此时点击评论标志进入发表评论界面，点击返回，发现点赞数变为了x，此时再次点赞，返回首页再次进入此详情页，发现点赞数变为了x＋2。【也就是说可以点赞两次】,"[""http:\/\/bj.bcebos.com\/json-api\/v1\/crowdtest-online\/upload\/33298717_Screenshot_2016-07-19-21-50-02_com.shiheng.hongpa.png"",""http:\/\/bj.bcebos.com\/json-api\/v1\/crowdtest-online\/upload\/33298723_Screenshot_2016-07-19-21-50-06_com.shiheng.hongpa.png"",""http:\/\/bj.bcebos.com\/json-api\/v1\/crowdtest-online\/upload\/33298726_Screenshot_2016-07-19-21-50-11_com.shiheng.hongpa.png"",""http:\/\/bj.bcebos.com\/json-api\/v1\/crowdtest-online\/upload\/33298728_Screenshot_2016-07-19-21-50-15_com.shiheng.hongpa.png"",""http:\/\/bj.bcebos.com\/json-api\/v1\/crowdtest-online\/upload\/33298729_Screenshot_2016-07-19-21-50-17_com.shiheng.hongpa.png"",""http:\/\/bj.bcebos.com\/json-api\/v1\/crowdtest-online\/upload\/33298731_Screenshot_2016-07-19-21-50-20_com.shiheng.hongpa.png"",""http:\/\/bj.bcebos.com\/json-api\/v1\/crowdtest-online\/upload\/33298733_Screenshot_2016-07-19-21-50-24_com.shiheng.hongpa.png""]",未知,P0,审核通过,2016-07-22 10:00:10,,6
0,531756,红猩猩V1.2自由测试,山西省|太原市|古交市|青山路|,Coolpad  Coolpad 8675-A,Android 4.4.4,WIFI,中国移动,4.4.058.P0.150407.8675-A,注册并登录app，选择任意个一个模式（自荐或招募都行），点击下方“我的”，点击“设置”，点击“修改手机号”，输入密码后确定，进入修改界面，此时只要点击返回键，app就会死机。,注册并登录app，选择任意个一个模式（自荐或招募都行），点击下方“我的”，点击“设置”，点击“修改手机号”，输入密码后确定，进入修改界面，此时只要点击返回键，app就会死机。,"[""http:\/\/bj.bcebos.com\/json-api\/v1\/crowdtest-online\/upload\/33298380_Screenshot_2016-07-19-21-28-33_com.shiheng.hongpa.png"",""http:\/\/bj.bcebos.com\/json-api\/v1\/crowdtest-online\/upload\/33298382_Screenshot_2016-07-19-21-27-04_com.shiheng.hongpa.png"",""http:\/\/bj.bcebos.com\/json-api\/v1\/crowdtest-online\/upload\/33298383_Screenshot_2016-07-19-21-27-22_com.shiheng.hongpa.png"",""http:\/\/bj.bcebos.com\/json-api\/v1\/crowdtest-online\/upload\/33298386_Screenshot_2016-07-19-21-27-32_com.shiheng.hongpa.png""]",未知,P0,审核通过,2016-07-22 10:00:10,,14
0,9742256,红猩猩V1.2自由测试,湖南省|长沙市|芙蓉区|五一大道|128,Xiaomi  Redmi Note 3,Android 5.1.1,WIFI,中国联通,LMY47V,自荐页的推荐职位与上方的过滤条件无关,"1、我的 - 微简历 - 完成微简历填写
2、发布页 - 发布自荐，发布一个舞台剧 - 现场副导，和一个 网络综艺 - 现场副导的自荐。返回
3、在自荐页，点击上方“全部” - 选择舞台剧现场副导 -  过滤后的列表展示的两条是 动漫- 现场副导 以及 舞台剧 - 演员副导的职业 。 与过滤条件无关，
4、选择另一个网络综艺 - 现场副导，过滤后展示的也是这两条记录","[""http:\/\/bj.bcebos.com\/json-api\/v1\/crowdtest-online\/upload\/33318342_Screenshot_2016-07-20-07-26-57_com.shiheng.hongpa.png"",""http:\/\/bj.bcebos.com\/json-api\/v1\/crowdtest-online\/upload\/33318344_Screenshot_2016-07-20-07-27-03_com.shiheng.hongpa.png"",""http:\/\/bj.bcebos.com\/json-api\/v1\/crowdtest-online\/upload\/33318345_QQ%E6%88%AA%E5%9B%BE20160720084517.png"",""http:\/\/bj.bcebos.com\/json-api\/v1\/crowdtest-online\/upload\/33318352_Screenshot_2016-07-20-07-25-10_com.shiheng.hongpa.png""]",未知,P0,审核通过,2016-07-22 10:00:10,,24
0,9742256,红猩猩V1.2自由测试,湖南省|长沙市|芙蓉区|五一大道|128,Xiaomi  Redmi Note 3,Android 5.1.1,WIFI,中国联通,LMY47V,搜索结果列表与搜索内容完全无关,"1、自荐页，点击右上角放大镜进入搜索
2、选择“辑凶者”，搜索出来的结果全是和“全民英雄”和“吻瘾者”相关的信息","[""http:\/\/bj.bcebos.com\/json-api\/v1\/crowdtest-online\/upload\/33318050_QQ%E6%88%AA%E5%9B%BE20160720084355.png""]",未知,P0,审核通过,2016-07-22 10:00:10,,0
0,9742256,红猩猩V1.2自由测试,湖南省|长沙市|芙蓉区|五一大道|128,Xiaomi  Redmi Note 3,Android 5.1.1,WIFI,中国联通,LMY47V,提交代表作品后，作品列表页显示为空,"1、我的 - 完善微简历 - 选择代表作品
2、进入代表作品列表页，点击“+” 填写作品信息
3、完成填写，点击保存后，返回到列表页。但列表页显示为空","[""http:\/\/bj.bcebos.com\/json-api\/v1\/crowdtest-online\/upload\/33317848_QQ%E5%9B%BE%E7%89%8720160720083726.png"",""http:\/\/bj.bcebos.com\/json-api\/v1\/crowdtest-online\/upload\/33317854_QQ%E5%9B%BE%E7%89%8720160720083731.png""]",未知,P0,审核通过,2016-07-22 10:00:10,,1
0,9742256,红猩猩V1.2自由测试,湖南省|长沙市|芙蓉区|五一大道|128,Xiaomi  Redmi Note 3,Android 5.1.1,WIFI,中国联通,LMY47V,分享为新浪微博时失败,"1、首页 - 点击上方滚动广告条，选择超能太阳鸭
2、左下角分享按钮，分享为新浪微博时，提示认证失败","[""http:\/\/bj.bcebos.com\/json-api\/v1\/crowdtest-online\/upload\/33317793_QQ%E5%9B%BE%E7%89%8720160720083431.png"",""http:\/\/bj.bcebos.com\/json-api\/v1\/crowdtest-online\/upload\/33317794_Screenshot_2016-07-20-06-50-01_com.shiheng.hongpa.png""]",未知,P0,审核通过,2016-07-22 10:00:10,,7
0,9630431,红猩猩V1.2自由测试,广东省|深圳市|宝安区|开屏路|17,htc  HTC M8t,Android 4.4.4,WIFI,无SIM卡,KTU84P release-keys,手机注册界面返回后黑屏，自动跳转到首页,"1.打开app，进入“我的”，点击""个人""
2.进入登录界面，点击注册
3.进入""手机注册""界面，点击左上角返回按钮，系统黑屏，自动跳转到首页","[""http:\/\/bj.bcebos.com\/json-api\/v1\/crowdtest-online\/upload\/33300112_20160719_222028.png"",""http:\/\/bj.bcebos.com\/json-api\/v1\/crowdtest-online\/upload\/33300121_20160719_222034.png"",""http:\/\/bj.bcebos.com\/json-api\/v1\/crowdtest-online\/upload\/33300144_20160719_222109.png""]",未知,P0,审核通过,2016-07-22 10:00:10,,11
0,7358634,红猩猩V1.2自由测试,河南省|郑州市|管城回族区|G220(郑汴路)|,ACTOMA  ACTOMA ACE,Android 5.0.2,WIFI,中国移动,ACE_3.3.17.B01_20160623,在个人简历中，代表作品填写的是2014年，查看代表作品封面时显示的是2015年,"1、打开软件注册登录
2、填写完善自己的简历，在个人简历中，代表作品填写的是2014年，查看代表作品封面时显示的是2015年","[""http:\/\/bj.bcebos.com\/json-api\/v1\/crowdtest-online\/upload\/33319296_QQ%E5%9B%BE%E7%89%8720160720090652.jpg"",""http:\/\/bj.bcebos.com\/json-api\/v1\/crowdtest-online\/upload\/33319297_QQ%E5%9B%BE%E7%89%8720160720090657.jpg""]",未知,P0,审核通过,2016-07-22 10:00:10,,1
0,7358634,红猩猩V1.2自由测试,河南省|郑州市|管城回族区|G220(郑汴路)|,ACTOMA  ACTOMA ACE,Android 5.0.2,WIFI,中国移动,ACE_3.3.17.B01_20160623,资讯内容中，查看别人的评论，别人的头像无法显示,"1、打开软件注册登录
2、点击首页，选择有评论资讯，点击评论，查看别人的评论，别人的头像无法显示","[""http:\/\/bj.bcebos.com\/json-api\/v1\/crowdtest-online\/upload\/33318438_QQ%E5%9B%BE%E7%89%8720160720084822.jpg""]",未知,P0,审核通过,2016-07-22 10:00:10,,2
0,7358634,红猩猩V1.2自由测试,河南省|郑州市|管城回族区|G220(郑汴路)|,ACTOMA  ACTOMA ACE,Android 5.0.2,WIFI,中国移动,ACE_3.3.17.B01_20160623,资讯内容无法评论和点赞，每次点赞或评论都要重新登录，登录过后依旧无法评论和点赞,"1、打开软件注册登录
2、点击首页，选择资讯，资讯内容无法评论和点赞，每次点赞或评论都要重新登录，登录过后依旧无法评论和点赞","[""http:\/\/bj.bcebos.com\/json-api\/v1\/crowdtest-online\/upload\/33318256_QQ%E5%9B%BE%E7%89%8720160720084829.jpg""]",未知,P0,审核通过,2016-07-22 10:00:10,,6
0,7287803,红猩猩V1.2自由测试,云南省|昆明市|呈贡区|联运大道|,Huawei  HUAWEI C8817E,Android 4.4.4,WIFI,中国电信,C8817EV100R001C92B241,无法使用微博分享功能，提示出错,1.打开app并登陆。2.点击自荐，选择僵尸先生后传。3.点击分享按钮，选择微博，提示出错,"[""http:\/\/bj.bcebos.com\/json-api\/v1\/crowdtest-online\/upload\/33300447_Screenshot_2016-07-19-22-53-25.jpeg""]",未知,P0,审核通过,2016-07-22 10:00:10,,7
0,7287803,红猩猩V1.2自由测试,云南省|昆明市|呈贡区|联运大道|,Huawei  HUAWEI C8817E,Android 4.4.4,WIFI,中国电信,C8817EV100R001C92B241,姓名、毕业学校字符可以设置为空格,1.打开app并登陆。2.点击我的，选择个人头像。3.在个人中心界面，姓名、毕业学校字符可以设置为空格,"[""http:\/\/bj.bcebos.com\/json-api\/v1\/crowdtest-online\/upload\/33300376_4.jpeg""]",未知,P0,审核通过,2016-07-22 10:00:10,,3
0,7287803,红猩猩V1.2自由测试,云南省|昆明市|呈贡区|联运大道|,Huawei  HUAWEI C8817E,Android 4.4.4,WIFI,中国电信,C8817EV100R001C92B241,在忘记密码界面点击手机返回键不能 返回至登录界面,1.打开app。2.点击我的，选择注册登录。3.点击忘记密码功能，点击手机返回键不能返回至登录界面，而是返回至我的页面。,"[""http:\/\/bj.bcebos.com\/json-api\/v1\/crowdtest-online\/upload\/33300313_2.jpeg""]",未知,P0,审核通过,2016-07-22 10:00:10,,14
0,7287803,红猩猩V1.2自由测试,云南省|昆明市|呈贡区|联运大道|,Huawei  HUAWEI C8817E,Android 4.4.4,WIFI,中国电信,C8817EV100R001C92B241,未注册手机号码可以使用忘记密码功能,1.打开app。2.点击我的，选择注册登录。3.在登录界面选择忘记密码，输入未注册手机号码可以成功获取验证码,"[""http:\/\/bj.bcebos.com\/json-api\/v1\/crowdtest-online\/upload\/33300278_1.jpeg""]",未知,P0,审核通过,2016-07-22 10:00:10,,14
0,6287747,红猩猩V1.2自由测试,北京市|北京市|海淀区|东北旺路|,nubia  NX507J,Android 4.4.2,WIFI,中国移动,NX507J_CNCommon_V1.82,从其他界面跳转到登录界面登录之后不能记住用户的登录信息,"1.打开app不登录（或者登录后再通过设置退出账号），进入首界面。
2.点击上方的（除了登陆须知以外的）任意一张图片，进入新的界面。
3.在界面底部中间进行点赞操作。
4.自动跳转到登录界面后输入用户名密码转回原界面。
5.再次进行点赞会再次跳入登录界面。","[""http:\/\/bj.bcebos.com\/json-api\/v1\/crowdtest-online\/upload\/33319929_%E7%82%B9%E8%B5%9E%E7%95%8C%E9%9D%A2.jpg"",""http:\/\/bj.bcebos.com\/json-api\/v1\/crowdtest-online\/upload\/33319931_%E7%99%BB%E5%BD%95.png""]",未知,P0,审核通过,2016-07-22 10:00:10,,17
0,3463911,红猩猩V1.2自由测试,四川省|成都市|大邑县|晋新路|,Xiaomi  Redmi Note 3,Android 5.1.1,WIFI,中国电信,LMY47V,打开app，进入西游外传，点击右上角分享键，分享至微信时，软件提示不能正常分享，其余分享方式均能正常分享,我使用的是红米note全网通版本，打开app，进入西游外传，点击右上角分享键，分享至微信时，软件提示不能正常分享，其余分享方式均能正常分享,"[""http:\/\/bj.bcebos.com\/json-api\/v1\/crowdtest-online\/upload\/33297140_Screenshot_2016-07-19-20-32-31_com.shiheng.hongpa.png"",""http:\/\/bj.bcebos.com\/json-api\/v1\/crowdtest-online\/upload\/33297144_Screenshot_2016-07-19-20-32-42_com.tencent.mobile.png""]",未知,P0,审核通过,2016-07-22 10:00:10,,19
0,2590458,红猩猩V1.2自由测试,广东省|广州市|越秀区|解放南路|73号,Honor  Che2-UL00,Android 4.4.2,WIFI,中国联通,Che2-UL00 V100R001CHNC00B384,点忘记密码，输入未注册的手机号，仍可收到短信。,点忘记密码，输入未注册的手机号，仍可收到短信。华为4x，安卓4.4.2，wifi网络。,"[""http:\/\/bj.bcebos.com\/json-api\/v1\/crowdtest-online\/upload\/33331442_5.jpg""]",未知,P0,审核通过,2016-07-22 10:00:10,,14
0,2590458,红猩猩V1.2自由测试,广东省|广州市|越秀区|解放南路|73号,Honor  Che2-UL00,Android 4.4.2,WIFI,中国联通,Che2-UL00 V100R001CHNC00B384,查看资迅时，点赞和评论都会跳转至登录界面。,打开软件并登录至自荐模式－首页－资讯－随便进入一个资讯。点赞和评论都会跳转至登录界面。华为4x，安卓4.4.2，wifi网络。,"[""http:\/\/bj.bcebos.com\/json-api\/v1\/crowdtest-online\/upload\/33331303_4-1.jpg"",""http:\/\/bj.bcebos.com\/json-api\/v1\/crowdtest-online\/upload\/33331307_4-2.jpg""]",未知,P0,审核通过,2016-07-22 10:00:10,,6
0,14301156,红猩猩V1.2自由测试,浙江|温州,Letv  Letv X500,Android 5.0.2,WIFI,中国移动,DBXCNOP5501304131S release-key,以募方角色登录，编辑项目的地点，地点保存有误,1登录至我的点击项目完善 2完整添加好一个项目，地点选择为鞍山 安康和安阳  3编辑该项目，只选择安庆，右上角打钩，点击保存并查看。 4重新编辑，地点变为安庆安康和安阳，然而并没选安康和安阳。 ps编辑期间又出现一次崩溃,"[""http:\/\/bj.bcebos.com\/json-api\/v1\/crowdtest-online\/upload\/33321362_Screenshot_2016-07-20-09-44-15.jpg"",""http:\/\/bj.bcebos.com\/json-api\/v1\/crowdtest-online\/upload\/33321390_Screenshot_2016-07-20-09-44-26.jpg""]",未知,P0,审核通过,2016-07-22 10:00:10,,24
0,14301156,红猩猩V1.2自由测试,浙江|温州,Letv  Letv X500,Android 5.0.2,WIFI,中国移动,DBXCNOP5501304131S release-key,资讯的点赞跳转到登录页面,1登录至首页 2点击资讯 3点击任意一个资讯 4点击最下方的点赞 5跳转到登录界面 6输入密码登录，自动返回到资讯页 7再次点击点赞，还是跳到登录解密那,"[""http:\/\/bj.bcebos.com\/json-api\/v1\/crowdtest-online\/upload\/33319851_Screenshot_2016-07-20-09-24-21.jpg"",""http:\/\/bj.bcebos.com\/json-api\/v1\/crowdtest-online\/upload\/33319886_Screenshot_2016-07-20-09-24-23.jpg""]",未知,P0,审核通过,2016-07-22 10:00:10,,17
0,14301156,红猩猩V1.2自由测试,浙江|温州,Letv  Letv X500,Android 5.0.2,WIFI,中国移动,DBXCNOP5501304131S release-key,编辑个人资料，微简历完善或者上传10张影集时连击完成有概率闪退或者崩溃,1登录至我的  2点击个人，编辑个人资料以及微简历完善，填写背景经验  3上传10张影集，连击完成  4 step2有概率闪退 step3有概率崩溃,"[""http:\/\/bj.bcebos.com\/json-api\/v1\/crowdtest-online\/upload\/33319628_Screenshot_2016-07-20-08-35-45.jpg"",""http:\/\/bj.bcebos.com\/json-api\/v1\/crowdtest-online\/upload\/33319635_Screenshot_2016-07-20-09-15-01.jpg"",""http:\/\/bj.bcebos.com\/json-api\/v1\/crowdtest-online\/upload\/33319642_Screenshot_2016-07-20-09-15-47.jpg""]",未知,P0,审核通过,2016-07-22 10:00:10,,22
0,14301156,红猩猩V1.2自由测试,浙江|温州,Letv  Letv X500,Android 5.0.2,WIFI,中国移动,DBXCNOP5501304131S release-key,所有立即沟通的页面的第一行文字，类比其他页面向左偏移：募 网络电影 ***,1登录至自荐 2点击任何一个可以立即沟通的项目 3该页面的第一行文字向左偏移：募 网络电影 *** ， 类比其他页面而言。,"[""http:\/\/bj.bcebos.com\/json-api\/v1\/crowdtest-online\/upload\/33319300_Screenshot_2016-07-20-09-03-26.jpg"",""http:\/\/bj.bcebos.com\/json-api\/v1\/crowdtest-online\/upload\/33319303_Screenshot_2016-07-20-09-03-59.jpg"",""http:\/\/bj.bcebos.com\/json-api\/v1\/crowdtest-online\/upload\/33319307_Screenshot_2016-07-20-09-06-26.jpg""]",未知,P0,审核通过,2016-07-22 10:00:10,,23
0,14301156,红猩猩V1.2自由测试,浙江|温州,Letv  Letv X500,Android 5.0.2,WIFI,中国移动,DBXCNOP5501304131S release-key,个人昵称使用表情可保存，重新登录后表情变问号。每有一个表情则变化为4个问号,1登录至我的-个人，修改昵称含有表情，保存成功且体现正常 2重新登录，昵称里的表情都变为问号,"[""http:\/\/bj.bcebos.com\/json-api\/v1\/crowdtest-online\/upload\/33318705_Screenshot_2016-07-20-08-57-07.jpg"",""http:\/\/bj.bcebos.com\/json-api\/v1\/crowdtest-online\/upload\/33318710_Screenshot_2016-07-20-08-57-10.jpg""]",未知,P0,审核通过,2016-07-22 10:00:10,,21
0,14301156,红猩猩V1.2自由测试,浙江|温州,Letv  Letv X500,Android 5.0.2,WIFI,中国移动,DBXCNOP5501304131S release-key,修改密码页面修改不成功，只是对新密码晃动，而无提示，确定也不跳转,1登录至我的-设置-修改密码 2输入正确的旧密码，输入新密码，确认新密码 3点击确认，对新密码晃动，而无提示，无跳转,"[""http:\/\/bj.bcebos.com\/json-api\/v1\/crowdtest-online\/upload\/33318461_Screenshot_2016-07-20-08-50-50.jpg""]",未知,P0,审核通过,2016-07-22 10:00:10,,14
0,14301156,红猩猩V1.2自由测试,浙江|温州,Letv  Letv X500,Android 5.0.2,WIFI,中国移动,DBXCNOP5501304131S release-key,个人资料页面的提示有误：无体重项可录入,1登录至我的-个人 2标题下的灰字提示：请准确填写身高，年龄，体重. 然而下方的属性中无体重输入项,"[""http:\/\/bj.bcebos.com\/json-api\/v1\/crowdtest-online\/upload\/33318135_Screenshot_2016-07-20-08-46-37.jpg""]",未知,P0,审核通过,2016-07-22 10:00:10,,13
0,14301156,红猩猩V1.2自由测试,浙江|温州,Letv  Letv X500,Android 5.0.2,WIFI,中国移动,DBXCNOP5501304131S release-key,对滚动图的评论界面的用户头像都显示为裂图,1登录至首页点击任意滚动图的链接 2点击评论，点击我来说两句-发表评论 3查看评论，用户的头像都显示为裂图,"[""http:\/\/bj.bcebos.com\/json-api\/v1\/crowdtest-online\/upload\/33318002_Screenshot_2016-07-20-08-43-32.jpg"",""http:\/\/bj.bcebos.com\/json-api\/v1\/crowdtest-online\/upload\/33318007_Screenshot_2016-07-20-08-41-54.jpg""]",未知,P0,审核通过,2016-07-22 10:00:10,,2
0,14301156,红猩猩V1.2自由测试,浙江|温州,Letv  Letv X500,Android 5.0.2,WIFI,中国移动,DBXCNOP5501304131S release-key,首页的滚动图的第一张有错别字：陆-录,1登录至首页 2查看滚动图的第一张，“登陆须知”，陆为错别字，应为录,"[""http:\/\/bj.bcebos.com\/json-api\/v1\/crowdtest-online\/upload\/33317804_Screenshot_2016-07-20-08-12-58.jpg""]",未知,P0,审核通过,2016-07-22 10:00:10,,20
0,14301156,红猩猩V1.2自由测试,浙江|温州,Letv  Letv X500,Android 5.0.2,WIFI,中国移动,DBXCNOP5501304131S release-key,对项目的微博分享失败,1登录至自荐 2点击搜索，搜索无独有偶 3点击任意一个职位 4点击右上角的分享 5点击微博 提示访问出错...认证失败,"[""http:\/\/bj.bcebos.com\/json-api\/v1\/crowdtest-online\/upload\/33317754_Screenshot_2016-07-20-08-24-40.jpg"",""http:\/\/bj.bcebos.com\/json-api\/v1\/crowdtest-online\/upload\/33317755_Screenshot_2016-07-20-08-24-05.jpg""]",未知,P0,审核通过,2016-07-22 10:00:10,,7
0,14301156,红猩猩V1.2自由测试,浙江|温州,Letv  Letv X500,Android 5.0.2,WIFI,中国移动,DBXCNOP5501304131S release-key,“我的”页面的按钮在连击下都会连续打开两个相同页面,1登录至我的，双击个个人或设置或反馈，弹出两个相同的页面,"[""http:\/\/bj.bcebos.com\/json-api\/v1\/crowdtest-online\/upload\/33316869_Screenshot_2016-07-19-18-47-06.jpg"",""http:\/\/bj.bcebos.com\/json-api\/v1\/crowdtest-online\/upload\/33316872_Screenshot_2016-07-19-18-47-08.jpg""]",未知,P0,审核通过,2016-07-22 10:00:10,,16
0,14233270,红猩猩V1.2自由测试,广东省|广州市|花都区|朝阳路|3号,Xiaomi  Redmi Note 3,Android 5.1.1,WIFI,中国电信,LMY47V,资讯文章评论无法显示用户头像,打开软件，登录好，主页点击上方资讯，点击任意文章，点击评论，查看已经有的评论,"[""http:\/\/bj.bcebos.com\/json-api\/v1\/crowdtest-online\/upload\/33301738_Screenshot_2016-07-19-23-35-33_com.shiheng.hongpa.png""]",未知,P0,审核通过,2016-07-22 10:00:10,,2
0,14233270,红猩猩V1.2自由测试,广东省|广州市|花都区|朝阳路|3号,Xiaomi  Redmi Note 3,Android 5.1.1,WIFI,中国电信,LMY47V,在已经登录的时点击咨询文章点赞会跳出登录界面重新登陆,打开软件，登录好，主页点击上方资讯，点击任意文章，点击点赞。,"[""http:\/\/bj.bcebos.com\/json-api\/v1\/crowdtest-online\/upload\/33301140_Screenshot_2016-07-19-23-23-36_com.shiheng.hongpa_1468941897702.jpg"",""http:\/\/bj.bcebos.com\/json-api\/v1\/crowdtest-online\/upload\/33301143_Screenshot_2016-07-19-23-23-42_com.shiheng.hongpa_1468941920223.jpg""]",未知,P0,审核通过,2016-07-22 10:00:10,,17
0,14233270,红猩猩V1.2自由测试,广东省|广州市|花都区|朝阳路|3号,Xiaomi  Redmi Note 3,Android 5.1.1,WIFI,中国电信,LMY47V,点击忘记密码后点返回会黑屏几秒,首次打开软件，点击选择自荐，点击发布，点击忘记密码，点击系统返回，后会黑屏几秒，才返回主界面,"[""http:\/\/bj.bcebos.com\/json-api\/v1\/crowdtest-online\/upload\/33300510_Screenshot_2016-07-19-23-04-24_com.shiheng.hongpa.png"",""http:\/\/bj.bcebos.com\/json-api\/v1\/crowdtest-online\/upload\/33300511_Screenshot_2016-07-19-23-05-00_com.shiheng.hongpa.png""]",未知,P0,审核通过,2016-07-22 10:00:10,,11
0,11631802,红猩猩V1.2自由测试,广东省|中山市|中山市市辖区|隆发路|13-b,Huawei  HUAWEI G7-UL20,Android 4.4.4,mobile LTE,中国联通,G7-UL20V100R001CHNC00B266,在分享至微博的时候，会出现错误页面，看截图所示。,在分享至微博的时候，会出现错误页面，看截图所示。,"[""http:\/\/bj.bcebos.com\/json-api\/v1\/crowdtest-online\/upload\/33290127_Screenshot_2016-07-19-18-17-40.jpeg"",""http:\/\/bj.bcebos.com\/json-api\/v1\/crowdtest-online\/upload\/33290128_Screenshot_2016-07-19-18-17-30.jpeg""]",未知,P0,审核通过,2016-07-22 10:00:10,,7
0,11100923,红猩猩V1.2自由测试,四川省|广安市|广安区|S304(广前公路)|,lge  LG-E985T,Android 4.2.2,WIFI,中国移动,JDQ39B,打开软件进入个人中心（我的）-反馈-联系邮箱写的选填，但是填好建议点提交提示邮箱格式错误,打开软件进入个人中心（我的）-反馈-联系邮箱写的选填，但是填好建议点提交提示邮箱格式错误,"[""http:\/\/bj.bcebos.com\/json-api\/v1\/crowdtest-online\/upload\/33299593_Screenshot_2016-07-19-22-23-16.png""]",未知,P0,审核通过,2016-07-22 10:00:10,,4
0,11100923,红猩猩V1.2自由测试,四川省|广安市|广安区|S304(广前公路)|,lge  LG-E985T,Android 4.2.2,WIFI,中国移动,JDQ39B,登录软件-首页-肋骨世界-进入某一电影详情页 点右上方分享选择微博分享失败，其他分享工具正常分享,登录软件-首页-肋骨世界-进入某一电影详情页 点右上方分享选择微博分享失败，其他分享工具正常分享,"[""http:\/\/bj.bcebos.com\/json-api\/v1\/crowdtest-online\/upload\/33299463_Screenshot_2016-07-19-22-17-13.png"",""http:\/\/bj.bcebos.com\/json-api\/v1\/crowdtest-online\/upload\/33299465_Screenshot_2016-07-19-22-17-07.png""]",未知,P0,审核通过,2016-07-22 10:00:10,,7
0,11100923,红猩猩V1.2自由测试,四川省|广安市|广安区|S304(广前公路)|,lge  LG-E985T,Android 4.2.2,WIFI,中国移动,JDQ39B,注册登录-个人中心-个人-姓名输入几个空格能够保存成功，在交流中显示的我叫空格。。。。,注册登录-个人中心-个人-姓名输入几个空格能够保存成功，在交流中显示的我叫空格。。。。,"[""http:\/\/bj.bcebos.com\/json-api\/v1\/crowdtest-online\/upload\/33299416_Screenshot_2016-07-19-22-18-10.png"",""http:\/\/bj.bcebos.com\/json-api\/v1\/crowdtest-online\/upload\/33299423_Screenshot_2016-07-19-22-15-08.png"",""http:\/\/bj.bcebos.com\/json-api\/v1\/crowdtest-online\/upload\/33299426_Screenshot_2016-07-19-22-15-52.png""]",未知,P0,审核通过,2016-07-22 10:00:10,,21
0,14940938,红猩猩V1.2自由测试,河北省|石家庄市|长安区|和平东路|522号,samsung  GT-I9152,Android 4.2.2,WIFI,中国联通,JDQ39.I9152ZCUANB1,1 登录界面→忘记密码，输入未注册手机号，收到短信验证码，点击下一步，才提示，账号或密码错误。,1 登录界面→忘记密码，输入未注册手机号，收到短信验证码，点击下一步，才提示，账号或密码错误。,"[""http:\/\/bj.bcebos.com\/json-api\/v1\/crowdtest-online\/upload\/33329198_727FC9DFCBC8D4F51DCC8DA917F90A76.JPG""]",未知,P0,审核通过,2016-07-22 10:00:10,,14
0,14867488,红猩猩V1.2自由测试,福建省|漳州市|华安县|S208|,HONOR  PLK-TL01H,Android 5.0.2,WIFI,中国移动,PLK-TL01HC01B201,进入软件登录帐号，选择招募，点首页，点资讯，点影视众筹不是你有钱就能玩的，点赞，跳转登录界面，要求重新登录。,进入软件登录帐号，选择招募，点首页，点资讯，点影视众筹不是你有钱就能玩的，点赞，跳转登录界面，要求重新登录。,"[""http:\/\/bj.bcebos.com\/json-api\/v1\/crowdtest-online\/upload\/33302545_IMG_20160719_233024.jpg"",""http:\/\/bj.bcebos.com\/json-api\/v1\/crowdtest-online\/upload\/33302547_Screenshot_2016-07-19-23-29-40.png""]",未知,P0,审核通过,2016-07-22 10:00:10,,6
0,14867488,红猩猩V1.2自由测试,福建省|漳州市|华安县|S208|,HONOR  PLK-TL01H,Android 5.0.2,WIFI,中国移动,PLK-TL01HC01B201,进入软件登录帐号，选择招募，点首页，点资讯，点影视众筹不是你有钱就能玩的，点下面分享，选择微博分享，提示访问出错。,进入软件登录帐号，选择招募，点首页，点资讯，点影视众筹不是你有钱就能玩的，点下面分享，选择微博分享，提示访问出错。,"[""http:\/\/bj.bcebos.com\/json-api\/v1\/crowdtest-online\/upload\/33302520_Screenshot_2016-07-19-23-27-17.png"",""http:\/\/bj.bcebos.com\/json-api\/v1\/crowdtest-online\/upload\/33302523_Screenshot_2016-07-19-23-27-13.png""]",未知,P0,审核通过,2016-07-22 10:00:10,,19
0,14867488,红猩猩V1.2自由测试,福建省|漳州市|华安县|S208|,HONOR  PLK-TL01H,Android 5.0.2,WIFI,中国移动,PLK-TL01HC01B201,进入软件登录帐号，选择招募，点首页，点资讯，点影视众筹不是你有钱就能玩的，点下面分享，分享应用显示不全，影响正常使用。,进入软件登录帐号，选择招募，点首页，点资讯，点影视众筹不是你有钱就能玩的，点下面分享，分享应用显示不全，影响正常使用。,"[""http:\/\/bj.bcebos.com\/json-api\/v1\/crowdtest-online\/upload\/33302500_Screenshot_2016-07-19-23-27-13.png""]",未知,P0,审核通过,2016-07-22 10:00:10,,19
0,14539706,红猩猩V1.2自由测试,北京市|北京市|海淀区|友谊路|,Xiaomi  MI NOTE LTE,Android 6.0.1,MOBILE LTE,中国移动,MMB29M,注册界面手机号无有效性校验，错误号码显示验证码发送成功,注册界面手机号无有效性校验，错误号码显示验证码发送成功,"[""http:\/\/bj.bcebos.com\/json-api\/v1\/crowdtest-online\/upload\/33288904_Screenshot_2016-07-19-17-53-10-469_com.shiheng.hongpa.png"",""http:\/\/bj.bcebos.com\/json-api\/v1\/crowdtest-online\/upload\/33288915_Screenshot_2016-07-19-17-53-00-386_com.shiheng.hongpa.png""]",未知,P0,审核通过,2016-07-22 10:00:10,,8
0,14519399,红猩猩V1.2自由测试,四川省|成都市|武侯区|天华路|,Xiaomi  HM 1S,Android 4.4.4,WIFI,中国电信,KTU84P,四川的电信号码在注册时点击多次也无法获取到验证码,"1. 打开app，选择招募
2. 点击我的-》登录-》注册
3. 输入四川电信号码和密码，点击获取验证码，但点击了多次，等待超过10分钟，没能收到验证码。","[""http:\/\/bj.bcebos.com\/json-api\/v1\/crowdtest-online\/upload\/33330461_16A30E51BC74904242853C3D11B40116.jpg""]",未知,P0,审核通过,2016-07-22 10:00:10,,8
0,14519399,红猩猩V1.2自由测试,四川省|成都市|武侯区|天华路|,Xiaomi  HM 1S,Android 4.4.4,WIFI,中国电信,KTU84P,招募模式中搜索出的结果有些跟关键词毫无关系,"1. 打开app，选择招募
2.点击右上角的搜索按钮进入搜索页面
3.输入‘测试’，出来的建议是‘搞事王者测试’，但搜索出来的结果跟关键词完全没有关系，比如‘耿新’，‘嘿来宝’。请参考截图","[""http:\/\/bj.bcebos.com\/json-api\/v1\/crowdtest-online\/upload\/33330430_FD79243CE120448728C8FB8B47D48CF0.jpg""]",未知,P0,审核通过,2016-07-22 10:00:10,,0
0,14452258,红猩猩V1.2自由测试,山西省|太原市|迎泽区|新泽巷|3号,Xiaomi  HM NOTE 1W,Android 4.2.2,WIFI,中国联通,JH3CN0.0-e8c490ca606638294c0cd,"1首页点击上方滚动图片登陆须知...
2点击它为什么是这样的“红猩猩”
3介绍最下方的点击查看更多新手教程无效","1首页点击上方滚动图片登陆须知...
2点击它为什么是这样的“红猩猩”
3介绍最下方的点击查看更多新手教程无效","[""http:\/\/bj.bcebos.com\/json-api\/v1\/crowdtest-online\/upload\/33310538_Screenshot_2016-07-20-01-50-23.png""]",未知,P0,审核通过,2016-07-22 10:00:10,,20
0,14452258,红猩猩V1.2自由测试,山西省|太原市|迎泽区|新泽巷|3号,Xiaomi  HM NOTE 1W,Android 4.2.2,WIFI,中国联通,JH3CN0.0-e8c490ca606638294c0cd,"1首页点击我的
2点击反馈，直接连续点击提交，会一直提示邮箱格式错误，就在提示邮箱格式错误的同时，突然左上角<后退，app闪退，而且手机桌面一直显示邮箱格式错误","1首页点击我的
2点击反馈，直接连续点击提交，会一直提示邮箱格式错误，就在提示邮箱格式错误的同时，突然左上角<后退，app闪退，而且手机桌面一直显示邮箱格式错误","[""http:\/\/bj.bcebos.com\/json-api\/v1\/crowdtest-online\/upload\/33310378_Screenshot_2016-07-20-01-40-39.jpg""]",未知,P0,审核通过,2016-07-22 10:00:10,,4
0,14452258,红猩猩V1.2自由测试,山西省|太原市|迎泽区|新泽巷|3号,Xiaomi  HM NOTE 1W,Android 4.2.2,WIFI,中国联通,JH3CN0.0-e8c490ca606638294c0cd,"1首页点击我的
2点击反馈，后退
3点击设置，app卡死崩溃","1首页点击我的
2点击反馈，后退
3点击设置，app卡死崩溃","[""http:\/\/bj.bcebos.com\/json-api\/v1\/crowdtest-online\/upload\/33310252_Screenshot_2016-07-20-01-39-12.png""]",未知,P0,审核通过,2016-07-22 10:00:10,,16
0,14452258,红猩猩V1.2自由测试,山西省|太原市|迎泽区|新泽巷|3号,Xiaomi  HM NOTE 1W,Android 4.2.2,WIFI,中国联通,JH3CN0.0-e8c490ca606638294c0cd,"1首页点击上方资讯
2随便点击条信息
3点击下方点赞图标，出现了登陆界面，而之前操作都在登陆状态下进行","1首页点击上方资讯
2随便点击条信息
3点击下方点赞图标，出现了登陆界面，而之前操作都在登陆状态下进行","[""http:\/\/bj.bcebos.com\/json-api\/v1\/crowdtest-online\/upload\/33309310_Screenshot_2016-07-20-01-25-29.png""]",未知,P0,审核通过,2016-07-22 10:00:10,,17
0,14452258,红猩猩V1.2自由测试,山西省|太原市|迎泽区|新泽巷|3号,Xiaomi  HM NOTE 1W,Android 4.2.2,WIFI,中国联通,JH3CN0.0-e8c490ca606638294c0cd,"1首页点击上方资讯
2随便点击条信息
3点击左下角三个点，微博分享失败","1首页点击上方资讯
2随便点击条信息
3点击左下角三个点，微博分享失败","[""http:\/\/bj.bcebos.com\/json-api\/v1\/crowdtest-online\/upload\/33308991_Screenshot_2016-07-20-01-18-30.png""]",未知,P0,审核通过,2016-07-22 10:00:10,,7
0,14452258,红猩猩V1.2自由测试,山西省|太原市|迎泽区|新泽巷|3号,Xiaomi  HM NOTE 1W,Android 4.2.2,WIFI,中国联通,JH3CN0.0-e8c490ca606638294c0cd,"1首页点击发布
2点击期望地点，在h列表中，出现了亳（bo）州，明显错误","1首页点击发布
2点击期望地点，在h列表中，出现了亳（bo）州，明显错误","[""http:\/\/bj.bcebos.com\/json-api\/v1\/crowdtest-online\/upload\/33308613_Screenshot_2016-07-20-01-13-14.png""]",未知,P0,审核通过,2016-07-22 10:00:10,,24
0,14452258,红猩猩V1.2自由测试,山西省|太原市|迎泽区|新泽巷|3号,Xiaomi  HM NOTE 1W,Android 4.2.2,WIFI,中国联通,JH3CN0.0-e8c490ca606638294c0cd,"1首页点击我的
2点击个人，设置姓名中含有笑脸（讯飞输入法6.3124），保存成功
3退出app，重新运行，查看名字，笑脸丢失，出现一串“？”","1首页点击我的
2点击个人，设置姓名中含有笑脸（讯飞输入法6.3124），保存成功
3退出app，重新运行，查看名字，笑脸丢失，出现一串“？”","[""http:\/\/bj.bcebos.com\/json-api\/v1\/crowdtest-online\/upload\/33308188_Screenshot_2016-07-20-01-06-38.png"",""http:\/\/bj.bcebos.com\/json-api\/v1\/crowdtest-online\/upload\/33308190_Screenshot_2016-07-20-01-08-36.png""]",未知,P0,审核通过,2016-07-22 10:00:10,,21
0,14452258,红猩猩V1.2自由测试,山西省|太原市|迎泽区|新泽巷|3号,Xiaomi  HM NOTE 1W,Android 4.2.2,WIFI,中国联通,JH3CN0.0-e8c490ca606638294c0cd,1注册界面，点击下方注册协议，格式完全混乱，完整的话被截成两段，比如第一点和第七点,1注册界面，点击下方注册协议，格式完全混乱，完整的话被截成两段，比如第一点和第七点,"[""http:\/\/bj.bcebos.com\/json-api\/v1\/crowdtest-online\/upload\/33307666_Screenshot_2016-07-20-00-56-52.png"",""http:\/\/bj.bcebos.com\/json-api\/v1\/crowdtest-online\/upload\/33307671_Screenshot_2016-07-20-00-57-04.png""]",未知,P0,审核通过,2016-07-22 10:00:10,,15
0,14452258,红猩猩V1.2自由测试,山西省|太原市|迎泽区|新泽巷|3号,Xiaomi  HM NOTE 1W,Android 4.2.2,WIFI,中国联通,JH3CN0.0-e8c490ca606638294c0cd,"1登陆界面点击忘记密码
2输入未注册过的手机号，获取验证码成功","1登陆界面点击忘记密码
2输入未注册过的手机号，获取验证码成功","[""http:\/\/bj.bcebos.com\/json-api\/v1\/crowdtest-online\/upload\/33307595_Screenshot_2016-07-19-23-21-12.png""]",未知,P0,审核通过,2016-07-22 10:00:10,,14
0,14301156,红猩猩V1.2自由测试,浙江|温州,Letv  Letv X500,Android 5.0.2,WIFI,中国移动,DBXCNOP5501304131S release-key,删除的项目还能弹出删除提示框，确定后提示删除失败,1募方登录至我的-项目完善 2若无项目，添加后删除。删除项目后再次点击删除 3还能弹出删除提示框，确定后提示删除失败,"[""http:\/\/bj.bcebos.com\/json-api\/v1\/crowdtest-online\/upload\/33322158_Screenshot_2016-07-20-09-46-18.jpg"",""http:\/\/bj.bcebos.com\/json-api\/v1\/crowdtest-online\/upload\/33322181_Screenshot_2016-07-20-09-46-28.jpg""]",未知,P0,审核通过,2016-07-22 10:00:10,,5
0,16634886,红猩猩V1.2自由测试,河南省|洛阳市|洛龙区|隋唐园北路|,Honor  CHE-TL00H,Android 5.0.2,WIFI,中国联通,CHE-TL00HC00B260,电脑上编辑微简历。每个项目栏提示“请输入您的姓名”，这算是一个小bug。,"自荐模式【我的】-【微简历完善】-【添加背景经验】在电脑上编辑微简历。电脑端可以显示添加体重这一项，见照片。不过体重这一栏提示“请输入您的姓名”，这算是一个小bug。
拍摄照片不是很清楚，不过可以复现。请多包涵。","[""http:\/\/bj.bcebos.com\/json-api\/v1\/crowdtest-online\/upload\/33297617_webwxgetmsgimg%20%282%29.jpg""]",未知,P0,审核通过,2016-07-22 10:00:10,,22
0,16634886,红猩猩V1.2自由测试,河南省|洛阳市|洛龙区|隋唐园北路|,Honor  CHE-TL00H,Android 5.0.2,WIFI,中国联通,CHE-TL00HC00B260,个人资料。要求填写体重，但是我的手机没有体重这一项内容。,手机注册登录后。自荐模式【我的】-【个人】填写个人资料。要求填写体重，但是我的手机没有体重这一项内容。华为荣耀4x安卓5.02。,"[""http:\/\/bj.bcebos.com\/json-api\/v1\/crowdtest-online\/upload\/33297579_webwxgetmsgimg%20%285%29.jpg""]",未知,P0,审核通过,2016-07-22 10:00:10,,13
0,15412365,红猩猩V1.2自由测试,江苏省|南京市|栖霞区|鸿雁路|,HONOR  PLK-TL01H,Android 5.0.2,WIFI,中国移动,PLK-TL01HC01B211,招募模式下，修改手机号的操作过程中，软件运行出现崩溃情况。,1打开软件，招募模式下，点击设置；2点击修改手机号进入输入密码节目；3填写密码后点击确定；4进入修改手机号码界面后不进行下一步操作直接点击返回按键返回到上一个输入密码界面；5返回输入密码界面时点击手机的返回按键后，界面没有反应，过一会界面出现“抱歉 红猩猩 无反应。要将它关闭吗？”的提示信息。,"[""http:\/\/bj.bcebos.com\/json-api\/v1\/crowdtest-online\/upload\/33302421_3.jpg"",""http:\/\/bj.bcebos.com\/json-api\/v1\/crowdtest-online\/upload\/33302422_4.jpg"",""http:\/\/bj.bcebos.com\/json-api\/v1\/crowdtest-online\/upload\/33302424_5.jpg"",""http:\/\/bj.bcebos.com\/json-api\/v1\/crowdtest-online\/upload\/33302425_6.jpg""]",未知,P0,审核通过,2016-07-22 10:00:10,,14
0,15412365,红猩猩V1.2自由测试,江苏省|南京市|栖霞区|鸿雁路|,HONOR  PLK-TL01H,Android 5.0.2,WIFI,中国移动,PLK-TL01HC01B211,自荐模式下，首次发布自荐时点击当前状态，发现点击即刻进组后无法选中，必须先选择其他状态后再改为即刻进组才可以被选中。,1.打开软件，自荐模式下，2点击我的，3点击微简历完善，4点击发布自荐，5首次发布自荐时点击当前状态，发现点击即刻进组后无法选中，必须先选择其他状态后再改为即刻进组才可以被选中。,"[""http:\/\/bj.bcebos.com\/json-api\/v1\/crowdtest-online\/upload\/33301833_QQ%E5%9B%BE%E7%89%8720160719224443.jpg"",""http:\/\/bj.bcebos.com\/json-api\/v1\/crowdtest-online\/upload\/33301837_QQ%E5%9B%BE%E7%89%8720160719224447.jpg"",""http:\/\/bj.bcebos.com\/json-api\/v1\/crowdtest-online\/upload\/33301842_QQ%E5%9B%BE%E7%89%8720160719224452.jpg"",""http:\/\/bj.bcebos.com\/json-api\/v1\/crowdtest-online\/upload\/33301847_QQ%E5%9B%BE%E7%89%8720160719224454.jpg"",""http:\/\/bj.bcebos.com\/json-api\/v1\/crowdtest-online\/upload\/33301863_QQ%E5%9B%BE%E7%89%8720160719224458.jpg""]",未知,P0,审核通过,2016-07-22 10:00:10,,24
0,15412365,红猩猩V1.2自由测试,江苏省|南京市|栖霞区|鸿雁路|,HONOR  PLK-TL01H,Android 5.0.2,WIFI,中国移动,PLK-TL01HC01B211,资讯的界面下，点击“击影视众筹不就是你有钱就能玩”进入，点击下方的评论图标，进入后发现用户评论后的头像图片都无法显示，处于裂图状态，且、且资讯详情界面下的评论数和评论界面中的评论数不一致。。,1.打开软件，2点击首页，3点击上方的资讯，点击“击影视众筹不就是你有钱就能玩”进入，4点击下方的评论图标，进入后发现用户评论后的头像图片都无法显示，处于裂图状态，且资讯详情界面下的评论数和评论界面中的评论数不一致。,"[""http:\/\/bj.bcebos.com\/json-api\/v1\/crowdtest-online\/upload\/33301021_QQ%E5%9B%BE%E7%89%8720160719231423.jpg"",""http:\/\/bj.bcebos.com\/json-api\/v1\/crowdtest-online\/upload\/33301023_QQ%E5%9B%BE%E7%89%8720160719231426.jpg""]",未知,P0,审核通过,2016-07-22 10:00:10,,2
0,15412365,红猩猩V1.2自由测试,江苏省|南京市|栖霞区|鸿雁路|,HONOR  PLK-TL01H,Android 5.0.2,WIFI,中国移动,PLK-TL01HC01B211,资讯界面下，点击任意一个资讯进入，点击下方的点赞图标软件却进入登陆界面，返回首页，再点击我的，发现账号仍然是登陆的状态。,1.打开软件，2点击首页，3点击上方的资讯，点击任意一个资讯进入，4点击下方的点赞图标软件却进入登陆界面，5返回首页，6再点击我的，发现账号仍然是登陆的状态。,"[""http:\/\/bj.bcebos.com\/json-api\/v1\/crowdtest-online\/upload\/33300888_QQ%E5%9B%BE%E7%89%8720160719231136.jpg"",""http:\/\/bj.bcebos.com\/json-api\/v1\/crowdtest-online\/upload\/33300891_QQ%E5%9B%BE%E7%89%8720160719231127.jpg"",""http:\/\/bj.bcebos.com\/json-api\/v1\/crowdtest-online\/upload\/33300902_QQ%E5%9B%BE%E7%89%8720160719231142.jpg""]",未知,P0,审核通过,2016-07-22 10:00:10,,17
0,15412365,红猩猩V1.2自由测试,江苏省|南京市|栖霞区|鸿雁路|,HONOR  PLK-TL01H,Android 5.0.2,WIFI,中国移动,PLK-TL01HC01B211,点击新浪微博图标后进入授权微博界面，此界面时“访问出错了！”提示信息，无法分享到新浪微博。,1.打开软件，2点击首页，3点击上方的通告，4点击任意通告进入，5右上方分享图标，6点击新浪微博图标后进入授权微博界面，此界面时“访问出错了！”提示信息，无法分享到新浪微博。,"[""http:\/\/bj.bcebos.com\/json-api\/v1\/crowdtest-online\/upload\/33300688_QQ%E5%9B%BE%E7%89%8720160719230604.jpg"",""http:\/\/bj.bcebos.com\/json-api\/v1\/crowdtest-online\/upload\/33300690_QQ%E5%9B%BE%E7%89%8720160719230609.jpg""]",未知,P0,审核通过,2016-07-22 10:00:10,,7
0,15412365,红猩猩V1.2自由测试,江苏省|南京市|栖霞区|鸿雁路|,HONOR  PLK-TL01H,Android 5.0.2,WIFI,中国移动,PLK-TL01HC01B211,通告的界面中，点击下方任意一个通告进入，点击右上方分享图标，发现第三方软件图标又部分被遮挡。,打开软件，点击首页，选择上方的通告，点击下方任意一个通告进入，点击右上方分享图标，发现第三方软件图标又部分被遮挡。,"[""http:\/\/bj.bcebos.com\/json-api\/v1\/crowdtest-online\/upload\/33300556_QQ%E5%9B%BE%E7%89%8720160719230229.jpg""]",未知,P0,审核通过,2016-07-22 10:00:10,,19
0,15065700,红猩猩V1.2自由测试,湖南省|岳阳市|湘阴县|湘杨路|,HONOR  PLK-TL01H,Android 5.0.2,WIFI,中国移动,PLK-TL01HC01B188,运行登录app。点我的，选择个人，姓名输入输入法头像，保存成功后。完全退出app再登录，姓名全变为？号,运行登录app。点我的，选择个人，姓名输入输入法头像，保存成功后。完全退出app再登录，姓名全变为？号,"[""http:\/\/bj.bcebos.com\/json-api\/v1\/crowdtest-online\/upload\/33298567_Screenshot_2016-07-19-21-35-38.png"",""http:\/\/bj.bcebos.com\/json-api\/v1\/crowdtest-online\/upload\/33298569_Screenshot_2016-07-19-21-36-13.png""]",未知,P0,审核通过,2016-07-22 10:00:10,,21
0,15065700,红猩猩V1.2自由测试,湖南省|岳阳市|湘阴县|湘杨路|,HONOR  PLK-TL01H,Android 5.0.2,WIFI,中国移动,PLK-TL01HC01B188,运行登录app。点首页，随便选择一条进入，点右上角分享，分享第二行被手机菜单挡住,运行登录app。点首页，随便选择一条进入，点右上角分享，分享第二行被手机菜单挡住,"[""http:\/\/bj.bcebos.com\/json-api\/v1\/crowdtest-online\/upload\/33298412_Screenshot_2016-07-19-20-52-49.png""]",未知,P0,审核通过,2016-07-22 10:00:10,,19
0,14940938,红猩猩V1.2自由测试,河北省|石家庄市|长安区|和平东路|522号,samsung  GT-I9152,Android 4.2.2,WIFI,中国联通,JDQ39.I9152ZCUANB1,9 首页→通告→banner图片“登录须知”→点击任意一问题→页面末尾“点击查看更多新手教程”点击无效， 界面无跳转。,9 首页→通告→banner图片“登录须知”→点击任意一问题→页面末尾“点击查看更多新手教程”点击无效， 界面无跳转。,"[""http:\/\/bj.bcebos.com\/json-api\/v1\/crowdtest-online\/upload\/33329337_1B1091FAA69821427754F220900047C8.JPG"",""http:\/\/bj.bcebos.com\/json-api\/v1\/crowdtest-online\/upload\/33329339_659F196856B4D9290A340EAC68FDB594.JPG""]",未知,P0,审核通过,2016-07-22 10:00:10,,20
0,14940938,红猩猩V1.2自由测试,河北省|石家庄市|长安区|和平东路|522号,samsung  GT-I9152,Android 4.2.2,WIFI,中国联通,JDQ39.I9152ZCUANB1,7 首页→通告→banner图片“记者招募”→右下角评论→界面用户头像不能正常显示，出现“？”号。,7 首页→通告→banner图片“记者招募”→右下角评论→界面用户头像不能正常显示，出现“？”号。,"[""http:\/\/bj.bcebos.com\/json-api\/v1\/crowdtest-online\/upload\/33329296_37245E4D2FA216B0E785E3687C210686.JPG"",""http:\/\/bj.bcebos.com\/json-api\/v1\/crowdtest-online\/upload\/33329297_4A72FD0861DDAACD750B384F100E6958.JPG""]",未知,P0,审核通过,2016-07-22 10:00:10,,18
0,14940938,红猩猩V1.2自由测试,河北省|石家庄市|长安区|和平东路|522号,samsung  GT-I9152,Android 4.2.2,WIFI,中国联通,JDQ39.I9152ZCUANB1,6 首页→资讯→点击任意一资讯→下方评论→输入内容，点击发布，界面跳转到登录界面→输入密码，提示登录成功后跳转到发布评论界面，输入内容反，点击发布，再次跳转到登录界面，如此反复。,6 首页→资讯→点击任意一资讯→下方评论→输入内容，点击发布，界面跳转到登录界面→输入密码，提示登录成功后跳转到发布评论界面，输入内容反，点击发布，再次跳转到登录界面，如此反复。,"[""http:\/\/bj.bcebos.com\/json-api\/v1\/crowdtest-online\/upload\/33329284_97AFFDB6102C814A252D20310D7BF7C9.JPG"",""http:\/\/bj.bcebos.com\/json-api\/v1\/crowdtest-online\/upload\/33329285_2FB17083A62775A54121F69E67547256.JPG"",""http:\/\/bj.bcebos.com\/json-api\/v1\/crowdtest-online\/upload\/33329289_0C501C6BFEC89DF31C0019CF1D39DD2F.JPG""]",未知,P0,审核通过,2016-07-22 10:00:10,,6
0,14940938,红猩猩V1.2自由测试,河北省|石家庄市|长安区|和平东路|522号,samsung  GT-I9152,Android 4.2.2,WIFI,中国联通,JDQ39.I9152ZCUANB1,5 首页→资讯→点击任意一资讯→左下角分享→朋友圈，提示不支持当前api。（唤醒后台自动结束进程的微信端失败）,5 首页→资讯→点击任意一资讯→左下角分享→朋友圈，提示不支持当前api。（唤醒后台自动结束进程的微信端失败）,"[""http:\/\/bj.bcebos.com\/json-api\/v1\/crowdtest-online\/upload\/33329265_EABDB3DB5BBE7BC3972EB6D0D8F910BF.JPG"",""http:\/\/bj.bcebos.com\/json-api\/v1\/crowdtest-online\/upload\/33329267_4A77258C817464BBA38B6F87269C2AF6.JPG""]",未知,P0,审核通过,2016-07-22 10:00:10,,7
0,14940938,红猩猩V1.2自由测试,河北省|石家庄市|长安区|和平东路|522号,samsung  GT-I9152,Android 4.2.2,WIFI,中国联通,JDQ39.I9152ZCUANB1,4 首页→通告→点击任意一帖子→右上角分享→微博，分享失败，跳转页面，提示访问出错了。,4 首页→通告→点击任意一帖子→右上角分享→微博，分享失败，跳转页面，提示访问出错了。,"[""http:\/\/bj.bcebos.com\/json-api\/v1\/crowdtest-online\/upload\/33329249_930759C600E458B8DB219827D7EADA37.JPG""]",未知,P0,审核通过,2016-07-22 10:00:10,,7
0,14940938,红猩猩V1.2自由测试,河北省|石家庄市|长安区|和平东路|522号,samsung  GT-I9152,Android 4.2.2,WIFI,中国联通,JDQ39.I9152ZCUANB1,3 我的→反馈→联系邮箱，随便输入字符后，多次点击提交，提示邮箱格式错误→手机返回键返回后，软件无响应，停止。,3 我的→反馈→联系邮箱，随便输入字符后，多次点击提交，提示邮箱格式错误→手机返回键返回后，软件无响应，停止。,"[""http:\/\/bj.bcebos.com\/json-api\/v1\/crowdtest-online\/upload\/33329233_65977F6C449A188198F9F89A7D68A877.JPG""]",未知,P0,审核通过,2016-07-22 10:00:10,,4
0,17192118,红猩猩V1.2自由测试,海南省|海南省直辖县级行政单位|临高县|文明中路|28,Honor  Che1-CL10,Android 4.4.4,WIFI,unknown,Che1-CL10V100R001CHNC92B283,在首页页面点击上边滑动图像中含有‘登陆须知’字的图片，进入后发现页面可以查看内容，然后退出点击滑动图片中的随意图片，点击右上角的更多，下滑到底端点击含有‘登陆须知’的图片发现内容不能加载出来。,1.打开该app.2.在首页页面点击上边滑动图像中含有‘登陆须知’字的图片，进入后发现页面可以查看内容，然后退出点击滑动图片中的随意图片，点击右上角的更多，下滑到底端点击含有‘登陆须知’的图片发现内容不能加载出来。,"[""http:\/\/bj.bcebos.com\/json-api\/v1\/crowdtest-online\/upload\/33301279_Screenshot_2016-07-19-23-23-56.jpeg"",""http:\/\/bj.bcebos.com\/json-api\/v1\/crowdtest-online\/upload\/33301334_Screenshot_2016-07-19-23-32-31.jpeg"",""http:\/\/bj.bcebos.com\/json-api\/v1\/crowdtest-online\/upload\/33301344_Screenshot_2016-07-19-23-23-44.jpeg""]",未知,P0,审核通过,2016-07-22 10:00:10,,20
0,17192118,红猩猩V1.2自由测试,海南省|海南省直辖县级行政单位|临高县|文明中路|28,Honor  Che1-CL10,Android 4.4.4,WIFI,unknown,Che1-CL10V100R001CHNC92B283,在首页页面点击上边的滑动图片，然后点击评论，发现评论者的头像是死链的,1.打开该app.2.在首页页面点击上边的滑动图片，然后点击评论，发现评论者的头像是死链的,"[""http:\/\/bj.bcebos.com\/json-api\/v1\/crowdtest-online\/upload\/33301188_Screenshot_2016-07-19-23-18-14.jpeg""]",未知,P0,审核通过,2016-07-22 10:00:10,,18
0,17192118,红猩猩V1.2自由测试,海南省|海南省直辖县级行政单位|临高县|文明中路|28,Honor  Che1-CL10,Android 4.4.4,WIFI,unknown,Che1-CL10V100R001CHNC92B283,登录进入app后点击我的，然后点击项目完善，再点击添加项目，然后在页面的拍摄周期中选择点击一周发现没有响应,1.打开该app.2.登录进入app后点击我的，然后点击项目完善，再点击添加项目，然后在页面的拍摄周期中选择点击一周发现没有响应,"[""http:\/\/bj.bcebos.com\/json-api\/v1\/crowdtest-online\/upload\/33300703_Screenshot_2016-07-19-23-02-14.jpeg""]",未知,P0,审核通过,2016-07-22 10:00:10,,5
0,17143795,红猩猩V1.2自由测试,重庆市|重庆市|渝北区|杨柳路|,Xiaomi  MI 4LTE,Android 6.0.1,WIFI,unknown,MMB29M,【招募版】登录后去点赞资讯还是跳转到了资讯页面,"测试设备：小米4  版本：android6.0.1 网络：wifi（长城宽带）
步骤重现：1.登录app选择从自荐版切换到招募版
2.点击咨询，进入新闻详情，点赞
3.跳转到登录页面登录成功后再次点赞
预期结果：点赞成功
实际结果：跳转到登录页面","[""http:\/\/bj.bcebos.com\/json-api\/v1\/crowdtest-online\/upload\/33292012_%E7%99%BB%E5%BD%95%E6%88%90%E5%8A%9F.jpg"",""http:\/\/bj.bcebos.com\/json-api\/v1\/crowdtest-online\/upload\/33292013_2.jpg""]",未知,P0,审核通过,2016-07-22 10:00:10,,17
0,17115469,红猩猩V1.2自由测试,重庆市|重庆市|荣昌县|香国大道|,HONOR  PLK-AL10,Android 5.0.2,WIFI,unknown,PLK-AL10C00B211,找到艺人点击收藏和立即沟通 软件出现立即闪退,如图所示 ，打开软件 进入到艺人界面  点击进去 选择立即沟通 出现闪退,"[""http:\/\/bj.bcebos.com\/json-api\/v1\/crowdtest-online\/upload\/33298356_%E7%82%B9%E5%87%BB%E6%94%B6%E8%97%8F%20%20%20%E7%AB%8B%E5%8D%B3%E6%B2%9F%E9%80%9A%20%E5%87%BA%E7%8E%B0%E9%97%AA%E9%80%80.png""]",未知,P0,审核通过,2016-07-22 10:00:10,,9
0,16730356,红猩猩V1.2自由测试,云南省|昆明市|呈贡区|联运大道|,Lenovo  Lenovo A3580,Android 5.0.2,WIFI,无SIM卡,A3580_S104_150715,资讯文章评论中不显示用户头像,1.打开app，注册并登陆。2.点击首页，选择资讯。3.点击路边野餐，选择下方按钮进行评论，评论列表中不显示用户头像,"[""http:\/\/bj.bcebos.com\/json-api\/v1\/crowdtest-online\/upload\/33304574_Screenshot_2016-07-20-00-10-24.png""]",未知,P0,审核通过,2016-07-22 10:00:10,,2
0,16730356,红猩猩V1.2自由测试,云南省|昆明市|呈贡区|联运大道|,Lenovo  Lenovo A3580,Android 5.0.2,WIFI,无SIM卡,A3580_S104_150715,新增项目时，拍摄周期的时间段无法选择第一个时间段，需点击其他周期后，才能选择,1.打开app，注册并登陆。2.点击新增项目，在拍摄周期中，点击一周，点击后无法添加进拍摄周期，需点击其他周期后，才能选择,"[""http:\/\/bj.bcebos.com\/json-api\/v1\/crowdtest-online\/upload\/33304224_5.png""]",未知,P0,审核通过,2016-07-22 10:00:10,,5
0,16730356,红猩猩V1.2自由测试,云南省|昆明市|呈贡区|联运大道|,Lenovo  Lenovo A3580,Android 5.0.2,WIFI,无SIM卡,A3580_S104_150715,未注册账号可以使用忘记密码，并可以获得验证码短信,1.打开app。2.点击我的，选择登录注册。3.在登录界面，点击忘记密码，输入未注册手机号码，可以获得验证码,"[""http:\/\/bj.bcebos.com\/json-api\/v1\/crowdtest-online\/upload\/33304021_3.png""]",未知,P0,审核通过,2016-07-22 10:00:10,,14
0,16730356,红猩猩V1.2自由测试,云南省|昆明市|呈贡区|联运大道|,Lenovo  Lenovo A3580,Android 5.0.2,WIFI,无SIM卡,A3580_S104_150715,无法通过微博进行分享,1.打开app，注册并登陆。2.点击首页，选择“田建新”。3.在详细页面，点击分享，选择微博，提示错误。,"[""http:\/\/bj.bcebos.com\/json-api\/v1\/crowdtest-online\/upload\/33303932_2.png""]",未知,P0,审核通过,2016-07-22 10:00:10,,7
0,16635395,红猩猩V1.2自由测试,北京市|北京市|大兴区|中心路|,Xiaomi  2014813,Android 5.1.1,WIFI,中国移动,LMY47V,个人编辑选择默认头像，保存后界面不显示头像图片,"1、打开客户端，招募登录成功 
2、选择我的->个人->编辑头像，选择默认头像，保存后界面不显示头像图片","[""http:\/\/bj.bcebos.com\/json-api\/v1\/crowdtest-online\/upload\/33299981_image.jpeg"",""http:\/\/bj.bcebos.com\/json-api\/v1\/crowdtest-online\/upload\/33299982_image.jpeg""]",未知,P0,审核通过,2016-07-22 10:00:10,,18
0,16634886,红猩猩V1.2自由测试,河南省|洛阳市|洛龙区|隋唐园北路|,Honor  CHE-TL00H,Android 5.0.2,WIFI,中国联通,CHE-TL00HC00B260,【首页】-选择【资讯】提示需要登录。成了死循环。,自荐模式【首页】-选择【资讯】，任意选择一条文章。点赞或者回复都需要再次登录。但是登录后，点击点赞或者回复，继续提示需要登录。成了死循环。华为荣耀4x安卓5.02,"[""http:\/\/bj.bcebos.com\/json-api\/v1\/crowdtest-online\/upload\/33297869_webwxgetmsgimg%20%2819%29.jpg"",""http:\/\/bj.bcebos.com\/json-api\/v1\/crowdtest-online\/upload\/33297870_webwxgetmsgimg%20%2820%29.jpg""]",未知,P0,审核通过,2016-07-22 10:00:10,,17
0,16634886,红猩猩V1.2自由测试,河南省|洛阳市|洛龙区|隋唐园北路|,Honor  CHE-TL00H,Android 5.0.2,WIFI,中国联通,CHE-TL00HC00B260,自荐模式【首页】-banner记者招募，右下角的回复，说话的人头像都显示不出来，都是打不开图片的显示。,自荐模式下【首页】-banner记者招募，右下角的回复，说话的人头像都显示不出来，都是打不开图片的显示。华为荣耀4x安卓5.02,"[""http:\/\/bj.bcebos.com\/json-api\/v1\/crowdtest-online\/upload\/33297690_webwxgetmsgimg%20%2813%29.jpg""]",未知,P0,审核通过,2016-07-22 10:00:10,,18
0,16634886,红猩猩V1.2自由测试,河南省|洛阳市|洛龙区|隋唐园北路|,Honor  CHE-TL00H,Android 5.0.2,WIFI,中国联通,CHE-TL00HC00B260,编辑微简历。比较大的bug,"1、自荐模式下【我的】-【微简历完善】-【添加背景经验】在电脑上编辑微简历。
2、【姓名】【性别】【年龄】【身高】【体重】都可以随便填写数字汉字等等，没有限制。可以保存成功。
3、然后刷新手机端，个人资料相关信息全部更新，如身高变成22222，年龄变成
32767.","[""http:\/\/bj.bcebos.com\/json-api\/v1\/crowdtest-online\/upload\/33297661_webwxgetmsgimg%20%289%29.jpg"",""http:\/\/bj.bcebos.com\/json-api\/v1\/crowdtest-online\/upload\/33297666_webwxgetmsgimg%20%2810%29.jpg"",""http:\/\/bj.bcebos.com\/json-api\/v1\/crowdtest-online\/upload\/33297669_webwxgetmsgimg%20%2811%29.jpg""]",未知,P0,审核通过,2016-07-22 10:00:10,,22
0,17310970,红猩猩V1.2自由测试,湖南省|长沙市|雨花区|木莲东路|,samsung  SM-N9008V,Android 5.0,MOBILE LTE,中国移动,LRX21V.N9008VZMUDPA2,进入个人注册界面，什么都不输入，再返回就会出现黑屏，直至自动刷新，如此连续操作三次以上就会卡死，无响应，严重的导致手机重启进入安全模式。,"1.打开软件，进入我的菜单
2.点击登录/注册，点击注册，不输入任何信息点返回
3.即会出现黑屏或卡死或重启。",[],未知,P0,审核通过,2016-07-22 10:00:10,,11
0,17297299,红猩猩V1.2自由测试,上海市|上海市|普陀区|真南路|648弄,samsung  GT-N7100,Android 4.3,WIFI,中国移动,JSS15J.N7100ZCUEOK1,注册界面，点击返回出现黑屏卡顿,"1、点击“我的”，
2、点击“登录/注册”，
3、点击“注册”
4、点击“返回”按钮出现黑屏数秒后才恢复。
关机重启后还是存在该问题
手机 三星 note2  7100","[""http:\/\/bj.bcebos.com\/json-api\/v1\/crowdtest-online\/upload\/33300425_QQ%E5%9B%BE%E7%89%8720160719230050.png"",""http:\/\/bj.bcebos.com\/json-api\/v1\/crowdtest-online\/upload\/33300437_QQ%E5%9B%BE%E7%89%8720160719230118.png""]",未知,P0,审核通过,2016-07-22 10:00:10,,11
0,17270460,红猩猩V1.2自由测试,安徽|合肥,Xiaomi  HM 1SW,Android 6.0.1,WIFI,无SIM卡,mk_armani-userdebug 6.0.1 MOB3,注册未检测手机号码有效性,"1.打开软件，选择任意模式，点击右下方“我的”，进入该界面。然后点击上方“登录/注册”，进入该界面。
2.点击左下方“注册”，进入注册界面
3.手机号码框内填入非正确手机号码，点击“获取验证码”。软件未检测手机号码有效性，直接发送验证码。","[""http:\/\/bj.bcebos.com\/json-api\/v1\/crowdtest-online\/upload\/33294828_Screenshot_20160719-193334.png"",""http:\/\/bj.bcebos.com\/json-api\/v1\/crowdtest-online\/upload\/33294841_Screenshot_20160719-193512.png"",""http:\/\/bj.bcebos.com\/json-api\/v1\/crowdtest-online\/upload\/33294846_Screenshot_20160719-192316.png""]",未知,P0,审核通过,2016-07-22 10:00:10,,8
0,17248361,红猩猩V1.2自由测试,江西|南昌,Xiaomi  MI 1S,Android 4.1.2,WIFI,无SIM卡,JZO54K,打开应用时插入usb线连接电脑，应用闪退,"1点击进入应用
2插入usb线连接电脑
3应用闪退",[],未知,P0,审核通过,2016-07-22 10:00:10,,23
0,17248361,红猩猩V1.2自由测试,江西|南昌,Xiaomi  MI 1S,Android 4.1.2,WIFI,无SIM卡,JZO54K,从手机注册页面返回时闪黑屏,"1安装好后，选自荐
2点我的
3点登陆/注册
4点注册
5点返回","[""http:\/\/bj.bcebos.com\/json-api\/v1\/crowdtest-online\/upload\/33349522_%E6%B3%A8%E5%86%8C%E9%BB%91%E5%B1%8F1.jpg"",""http:\/\/bj.bcebos.com\/json-api\/v1\/crowdtest-online\/upload\/33349524_%E6%B3%A8%E5%86%8C%E9%BB%91%E5%B1%8F2.jpg""]",未知,P0,审核通过,2016-07-22 10:00:10,,15
0,17222895,红猩猩V1.2自由测试,广西壮族自治区|钦州市|钦南区|蓬莱南大道|,Coolpad  Coolpad 8297-T01,Android 4.4.4,WIFI,中国联通,cm_n918st-userdebug 4.4.4 KTU8,注册时选择拍照上传的图片作为头像，头像上传失败,"1.打开app
2.注册账号
3.录入资料时选择拍照并上传头像

预期结果：上传头像成功
实际结果：上传头像失败","[""http:\/\/bj.bcebos.com\/json-api\/v1\/crowdtest-online\/upload\/33298409_Screenshot_2016-07-19-19-31-29.png""]",未知,P0,审核通过,2016-07-22 10:00:10,,23
0,17222895,红猩猩V1.2自由测试,广西壮族自治区|钦州市|钦南区|蓬莱南大道|,Coolpad  Coolpad 8297-T01,Android 4.4.4,WIFI,中国联通,cm_n918st-userdebug 4.4.4 KTU8,点击资讯里面的点赞时跳转到登录界面,"1.打开app
2.登录账号
3.点击底部菜单首页
4.点击顶部菜单资讯-----点击任意一篇咨询-----点击赞的图标

预期结果：能进行点赞
实际结果：跳转到登录界面

bug视频地址：http://pan.baidu.com/s/1kv2kvtx","[""http:\/\/bj.bcebos.com\/json-api\/v1\/crowdtest-online\/upload\/33298353_QQ%E5%9B%BE%E7%89%8720160719212704.png""]",未知,P0,审核通过,2016-07-22 10:00:10,,17
0,17222895,红猩猩V1.2自由测试,广西壮族自治区|钦州市|钦南区|蓬莱南大道|,Coolpad  Coolpad 8297-T01,Android 4.4.4,WIFI,中国联通,cm_n918st-userdebug 4.4.4 KTU8,搜索功能只能搜一半，搜索不完整,"1.打开app 2.登录账号 3.点击底部菜单我的 4.点击设置 5.点击切换模式6.选择自荐版------点击确定7.点击底部菜单自荐 8.点击右上角搜索按钮 9.输入”无“ 进行搜索
预期结果：能搜出所有关于无的结果。实际结果：搜索不完整。搜到少部分无字开头的东西","[""http:\/\/bj.bcebos.com\/json-api\/v1\/crowdtest-online\/upload\/33298263_Screenshot_2016-07-19-19-45-49.png"",""http:\/\/bj.bcebos.com\/json-api\/v1\/crowdtest-online\/upload\/33298264_Screenshot_2016-07-19-19-46-04.png""]",未知,P0,审核通过,2016-07-22 10:00:10,,0
0,17222895,红猩猩V1.2自由测试,广西壮族自治区|钦州市|钦南区|蓬莱南大道|,Coolpad  Coolpad 8297-T01,Android 4.4.4,WIFI,中国联通,cm_n918st-userdebug 4.4.4 KTU8,收藏他人时收藏数出现负数，且有一个不显示,"1.打开app
2.登录账号
3.点击底部菜单招募
4.点击任意一个人-----------多次点击收藏
5.循环第4步骤多次
6.点击底部菜单我的
预期结果：收藏正常
实际结果：收藏功能异常","[""http:\/\/bj.bcebos.com\/json-api\/v1\/crowdtest-online\/upload\/33298060_Screenshot_2016-07-19-19-41-53.png"",""http:\/\/bj.bcebos.com\/json-api\/v1\/crowdtest-online\/upload\/33298064_Screenshot_2016-07-19-19-41-43.png""]",未知,P0,审核通过,2016-07-22 10:00:10,,9
0,17222895,红猩猩V1.2自由测试,广西壮族自治区|钦州市|钦南区|蓬莱南大道|,Coolpad  Coolpad 8297-T01,Android 4.4.4,WIFI,中国联通,cm_n918st-userdebug 4.4.4 KTU8,招募模式下人沟通录音时录音失败,"1.打开app
2.清空app数据
3.登录账号
4.选择招募模式
5.点击底部菜单招募
6.点击任意一个人-----点击继续沟通------点击输入框右边的语音
预期结果：能发送语音
实际结果：录音失败

不信看bug视频地址：http://pan.baidu.com/s/1pll9dhh","[""http:\/\/bj.bcebos.com\/json-api\/v1\/crowdtest-online\/upload\/33298018_QQ%E5%9B%BE%E7%89%8720160719211323.png""]",未知,P0,审核通过,2016-07-22 10:00:10,,23
0,17196276,红猩猩V1.2自由测试,北京市|北京市|海淀区|西北旺东路|,Huawei  H30-T00,Android 4.2.2,WIFI,中国移动,H30-T00 V100R001CHNC00B141,软件自动退出，放了一会儿，没动，就自动退出了,"1.打开软禁
 2.进入【我的】tab 
3.点击【设置】按钮，进入设置页面，点击【反馈】按钮，进入反馈页面 
等了一会人就自动退出了，如果不可复现，不能怪我。不给券就好了。
忘了出现1次还是2次了。
其实没有图。随便放一个。","[""http:\/\/bj.bcebos.com\/json-api\/v1\/crowdtest-online\/upload\/33298039_3069359607355847.jpg""]",未知,P0,审核通过,2016-07-22 10:00:10,,16
0,17196276,红猩猩V1.2自由测试,北京市|北京市|海淀区|西北旺东路|,Huawei  H30-T00,Android 4.2.2,WIFI,中国移动,H30-T00 V100R001CHNC00B141,"增加用户反馈功能中，对邮箱的验证功能。目前该功能太弱了。
输入111@adfjas 
都可以成功发送邮件。","1.打开软禁
2.进入【我的】tab
3.点击【设置】按钮，进入设置页面，点击【反馈】按钮，进入反馈页面
4.输入111@dfjs，点击【提交】，提示意见回馈成功。","[""http:\/\/bj.bcebos.com\/json-api\/v1\/crowdtest-online\/upload\/33298020_781384868548895712.jpg""]",未知,P0,审核通过,2016-07-22 10:00:10,,16
0,17192118,红猩猩V1.2自由测试,海南省|海南省直辖县级行政单位|临高县|文明中路|28,Honor  Che1-CL10,Android 4.4.4,WIFI,unknown,Che1-CL10V100R001CHNC92B283,多次操作该app各种功能，发现在操作过程中都会有app崩溃，闪退，多次重新打开操作久了都会这样,1.打开该app.2.多次操作该app各种功能，发现在操作过程中都会有app崩溃，闪退，多次重新打开操作久了都会这样,"[""http:\/\/bj.bcebos.com\/json-api\/v1\/crowdtest-online\/upload\/33302411_Screenshot_2016-07-19-23-48-52.jpeg""]",未知,P0,审核通过,2016-07-22 10:00:10,,24
0,17192118,红猩猩V1.2自由测试,海南省|海南省直辖县级行政单位|临高县|文明中路|28,Honor  Che1-CL10,Android 4.4.4,WIFI,unknown,Che1-CL10V100R001CHNC92B283,在引荐模式中随意点击几个人员，进入添加收藏，然后切换到自荐模式添加收藏1个人员，然后再切换到引荐模式，进入‘我的’页面发现我的收藏上方显示为1个，而点击进去又几个收藏,1.打开该app.2.在引荐模式中随意点击几个人员，进入添加收藏，然后切换到自荐模式添加收藏1个人员，然后再切换到引荐模式，进入‘我的’页面发现我的收藏上方显示为1个，而点击进去又几个收藏,"[""http:\/\/bj.bcebos.com\/json-api\/v1\/crowdtest-online\/upload\/33302158_Screenshot_2016-07-19-23-26-43.jpeg"",""http:\/\/bj.bcebos.com\/json-api\/v1\/crowdtest-online\/upload\/33302162_Screenshot_2016-07-19-23-26-55.jpeg""]",未知,P0,审核通过,2016-07-22 10:00:10,,9
0,17338564,红猩猩V1.2自由测试,上海市|上海市|闵行区|江坤路|,Xiaomi  2014011,Android 4.2.2,WIFI,中国移动,MIUI-CMCC03,个人资料编辑功能页，在此功能页的上方有一行背景色为灰色的提示“如果你是演员，请准确填写身高，年龄，体重。”的提示。然而在并没有“体重”资料的信息,"1、进入app主页面，点击右下角的“我的”功能键，进入“我的”功能页 
2、点击“我的”功能页中间的“个人”功能键，进入到个人资料编辑页
3、发现“个人资料”编辑页的上方有一行灰色背景色的提示
4、内容为如果你是演员，请准确填写身高，年龄，体重。”的提示。然而在并没
     有“体重”资料的信息","[""http:\/\/bj.bcebos.com\/json-api\/v1\/crowdtest-online\/upload\/33299398_jimian262439125379434465.png""]",未知,P0,审核通过,2016-07-22 10:00:10,,3
0,17338564,红猩猩V1.2自由测试,上海市|上海市|闵行区|江坤路|,Xiaomi  2014011,Android 4.2.2,WIFI,中国移动,MIUI-CMCC03,个人资料编辑功能页，姓名可以设置为符号型字符“，”,"1、注册账号，登录“红猩猩v1.2自由测试”app 
2、登录成功，选择“自荐”功能
3、进入app主页面，点击右下角的“我的”功能键，进入“我的”功能页 
4、点击“我的”功能页中间的“个人”功能键，进入到个人资料编辑页 
5、点击“姓名”在姓名文本编辑框输入符号“，”，点击右上角的“√”功能键 6、预期结果：弹出错误提示信息，内容为“姓名不得为特殊符号” 
7、实际结果：保存成功，并进入个人信息编辑功能页","[""http:\/\/bj.bcebos.com\/json-api\/v1\/crowdtest-online\/upload\/33299146_xingming132515785060511393.jpg"",""http:\/\/bj.bcebos.com\/json-api\/v1\/crowdtest-online\/upload\/33299147_xingming48039787310668654.jpg"",""http:\/\/bj.bcebos.com\/json-api\/v1\/crowdtest-online\/upload\/33299148_xingming362439125379434465.png"",""http:\/\/bj.bcebos.com\/json-api\/v1\/crowdtest-online\/upload\/33299149_904134737021783188..png"",""http:\/\/bj.bcebos.com\/json-api\/v1\/crowdtest-online\/upload\/33299152_xingming362439125379434465.png""]",未知,P0,审核通过,2016-07-22 10:00:10,,3
0,17312244,红猩猩V1.2自由测试,湖南省|长沙市|开福区|戥子桥巷|68号,Xiaomi  MI 3C,Android 4.4.4,WIFI,中国联通,KTU84P,反馈意见出现提示语不消失 & app自动退到后台,"设备：小米3  4.4.4
1、自荐端，登录成功
2、进入我的，用户反馈，未输入任何内容，直接快速点击2次提交
3、提示“邮箱格式错误”，按左上角返回键，返回到“我的”界面
结果：2-3秒的样子，app自动退到后台；且提示语始终显示在屏幕上","[""http:\/\/bj.bcebos.com\/json-api\/v1\/crowdtest-online\/upload\/33352244_11_1.png"",""http:\/\/bj.bcebos.com\/json-api\/v1\/crowdtest-online\/upload\/33352261_11_2.png"",""http:\/\/bj.bcebos.com\/json-api\/v1\/crowdtest-online\/upload\/33352279_11_3.png""]",未知,P0,审核通过,2016-07-22 10:00:10,,4
0,17312244,红猩猩V1.2自由测试,湖南省|长沙市|开福区|戥子桥巷|68号,Xiaomi  MI 3C,Android 4.4.4,WIFI,中国联通,KTU84P,点击“立即沟通”，提示网络连接失败，当前网络正常。,"设备：小米3  4.4.4
1、自荐端，已登录成功
2、首页通告，点击任意通告，立即沟通
结果：提示“网络连接失败，请稍后重试”
备注：当前网络打开资讯和网页均正常","[""http:\/\/bj.bcebos.com\/json-api\/v1\/crowdtest-online\/upload\/33351897_9_1.png"",""http:\/\/bj.bcebos.com\/json-api\/v1\/crowdtest-online\/upload\/33351904_9_2.png""]",未知,P0,审核通过,2016-07-22 10:00:10,,23
0,17312244,红猩猩V1.2自由测试,湖南省|长沙市|开福区|戥子桥巷|68号,Xiaomi  MI 3C,Android 4.4.4,WIFI,中国联通,KTU84P,已登录，点赞时弹登录界面,"设备：小米3   4.4.4
1、自荐端，已登录成功
2、进入首页，资讯，点赞任意资讯
结果：弹出登录界面
备注：点击评论，能进入评论编辑框，但点击发布后，弹登录界面","[""http:\/\/bj.bcebos.com\/json-api\/v1\/crowdtest-online\/upload\/33351686_8_1.png"",""http:\/\/bj.bcebos.com\/json-api\/v1\/crowdtest-online\/upload\/33351690_8_2.png"",""http:\/\/bj.bcebos.com\/json-api\/v1\/crowdtest-online\/upload\/33351695_8_3.png""]",未知,P0,审核通过,2016-07-22 10:00:10,,6
0,17312244,红猩猩V1.2自由测试,湖南省|长沙市|开福区|戥子桥巷|68号,Xiaomi  MI 3C,Android 4.4.4,WIFI,中国联通,KTU84P,分享资讯到新浪微博，提示出错,"1、自荐端，打开首页，资讯，点击任意资讯，分享到微博
2、本地已登录微博，未正常打开微博编辑窗口，显示出错
设备：小米3  4.4.4","[""http:\/\/bj.bcebos.com\/json-api\/v1\/crowdtest-online\/upload\/33351558_6_1.png"",""http:\/\/bj.bcebos.com\/json-api\/v1\/crowdtest-online\/upload\/33351562_6_2.png"",""http:\/\/bj.bcebos.com\/json-api\/v1\/crowdtest-online\/upload\/33351566_6_3.png""]",未知,P0,审核通过,2016-07-22 10:00:10,,7
0,17312244,红猩猩V1.2自由测试,湖南省|长沙市|开福区|戥子桥巷|68号,Xiaomi  MI 3C,Android 4.4.4,WIFI,中国联通,KTU84P,打开活动中的登录须知，显示空白,"1、点击首页轮播图“约稿”，点击右上角“更多”
2、点击底部的“登录须知”，打开详情显示空白。","["""",""http:\/\/bj.bcebos.com\/json-api\/v1\/crowdtest-online\/upload\/33351260_4.png""]",未知,P0,审核通过,2016-07-22 10:00:10,,20
0,17312244,红猩猩V1.2自由测试,湖南省|长沙市|开福区|戥子桥巷|68号,Xiaomi  MI 3C,Android 4.4.4,WIFI,中国联通,KTU84P,新手指南中“点击查看更多新手教程”，点击后无响应,"1、自荐端，进入首页，轮播图，点击其中的“登陆须知”
2、点击任意指南进入详情，滑动到底，字样“点击查看更多新手教程”，点击后无响应","[""http:\/\/bj.bcebos.com\/json-api\/v1\/crowdtest-online\/upload\/33351102_2.png""]",未知,P0,审核通过,2016-07-22 10:00:10,,20
